objID,raMean,decMean,rMeanKronMag,nDetections
120170011095511107,1.10953532,10.14209399,20.31060028076172,62
120170011159616831,1.11592958,10.1469307,-999.0,15
120150009817709058,0.98178552,10.13207724,20.97130012512207,16
120190009806414801,0.98057102,10.16198285,21.499799728393555,14
120180009864545051,0.98644107,10.15375899,18.665700912475586,68
120090008953758166,0.8953809,10.0813896,20.220199584960938,77
120110008973122788,0.89746503,10.09368758,20.853500366210938,16
120280008865857803,0.88663232,10.23938425,21.305700302124023,36
120290008861984918,0.8861897,10.24538408,20.75979995727539,38
120090009390257893,0.93901095,10.08110631,21.212600708007812,28
120110009395875076,0.93960109,10.09545439,21.131200790405273,50
120070010066826955,1.00667788,10.06366428,18.575300216674805,69
120070010045369388,1.00450151,10.06568235,20.25830078125,57
120060010318822221,1.03188935,10.05138523,20.130300521850586,65
120050010248642418,1.02486664,10.04321236,18.893699645996094,78
120050010262206751,1.02619172,10.04684652,21.202699661254883,48
120080010180871930,1.01808341,10.06781616,20.499900817871094,52
120160011062246647,1.10614836,10.13842998,19.929000854492188,45
120160011169081920,1.11688466,10.13447703,20.726200103759766,51
120180011193588286,1.11937436,10.15641134,20.03260040283203,54
120190011184842688,1.11846545,10.16010066,19.852399826049805,56
120180011119426901,1.11192044,10.15531176,20.794300079345703,42
120170011213864141,1.12138139,10.14464205,-999.0,17
120190010224561463,1.02244718,10.15916092,21.0226993560791,42
120190009991680491,0.999161,10.15824282,21.20159912109375,37
120170010098363516,1.00978554,10.14410603,17.869300842285156,61
120160009718257652,0.97181093,10.13923342,21.554899215698242,31
120160009801364149,0.98015518,10.13630906,21.736400604248047,26
119880010287803108,1.0287794,9.90213741,17.93600082397461,57
119890010204033432,1.02038377,9.91077492,20.569400787353516,43
119890010146298104,1.01467735,9.91452223,21.447399139404297,21
119890010108450192,1.01074036,9.90807804,21.71470069885254,15
120250010586738956,1.05864746,10.21531946,20.291500091552734,72
120250010630663731,1.06310687,10.21097873,13.575300216674805,68
120250010655402455,1.06550795,10.20990387,-999.0,12
120260010669051016,1.06688611,10.21703073,21.13800048828125,56
120290010349851749,1.03492206,10.24264091,20.2721004486084,61
120290010399150478,1.03987807,10.24163757,21.16230010986328,38
120270010399478574,1.03995007,10.2315814,21.577699661254883,25
120270010455196527,1.04547148,10.23002777,20.497299194335938,35
120080010077636978,1.00777984,10.07204448,21.032699584960938,37
120070009794644191,0.97945199,10.06138653,19.996599197387695,64
120070009620305581,0.96202756,10.06255483,16.881399154663086,79
120070009585975624,0.95863846,10.06259016,21.388099670410156,36
120080009628658624,0.96286812,10.07336867,21.222200393676758,40
120140011369226952,1.13691415,10.1219933,19.597200393676758,64
120150011393310161,1.13935127,10.12469221,22.373199462890625,25
120150011361729916,1.13624003,10.13273301,21.069900512695312,30
120190010303163339,1.03033303,10.16062134,21.509300231933594,18
120190010276201746,1.02763526,10.15927476,21.418899536132812,31
120180010215813287,1.02158481,10.15224751,16.284400939941406,74
120180010189359541,1.0189203,10.1574768,17.25979995727539,75
120130008640543344,0.86408916,10.11075195,20.021900177001953,72
120120008755494049,0.87551285,10.1030047,19.768199920654297,60
120120008732808403,0.87331386,10.10662521,21.699899673461914,41
119860010328377777,1.03280471,9.88933224,15.249099731445312,68
119910009926589522,0.99262069,9.93248574,21.67690086364746,23
119920009932901818,0.9932502,9.93445129,21.44339942932129,31
119900009948717292,0.99489113,9.92228961,21.122499465942383,41
119900010053588585,1.00537112,9.92335597,20.217100143432617,63
119910010023893938,1.00238734,9.92781158,20.685699462890625,73
119910009891757487,0.98915061,9.93077602,18.90410041809082,69
120270008371527684,0.83719494,10.23100118,19.715999603271484,77
120270008414935730,0.84165438,10.22938295,21.453699111938477,18
120240010737699474,1.07376627,10.20731545,22.0856990814209,11
120250010696438504,1.06960228,10.21492783,-999.0,19
120060009733452929,0.97322664,10.05197921,-999.0,13
120060009737601749,0.97376112,10.05092707,21.898399353027344,11
120060009776341976,0.97752762,10.05125642,21.142000198364258,35
120050009783649942,0.97834383,10.04951914,20.89459991455078,40
120050009843263008,0.98432297,10.04372538,20.567699432373047,57
120080009740949352,0.97406085,10.0741086,21.489599227905273,14
120160010828005543,1.08275029,10.13751392,21.929100036621094,27
120150011002023636,1.10016544,10.12752905,19.96109962463379,54
120160010927354594,1.09266783,10.136672,21.26689910888672,34
120180011313970367,1.13138947,10.14983951,-999.0,25
120140011232514355,1.1232369,10.11980981,21.652799606323242,18
120200009965352357,0.99649414,10.16816021,19.871200561523438,43
120200010246105716,1.02452687,10.17095725,21.597299575805664,18
120190010259898168,1.02595834,10.1646615,19.9822998046875,66
120200010209320037,1.02095144,10.16616767,18.02359962463379,17
120180008351920742,0.83520833,10.15009682,21.09779930114746,27
120180008401131274,0.84016052,10.15064905,19.74880027770996,63
120230009270516162,0.92705355,10.19637166,20.979799270629883,61
120230009252327176,0.92523857,10.19718834,20.857799530029297,46
120100008143381710,0.81442649,10.084423,21.299400329589844,42
119920008087763789,0.80883836,9.93603666,20.972299575805664,30
119910008209300041,0.82092132,9.92451697,20.458999633789062,39
119910008205440948,0.82058566,9.92542832,20.47879981994629,17
119900008212956677,0.8212422,9.92185988,20.63050079345703,21
119890008329254438,0.83291375,9.91163713,20.617000579833984,34
119900008285913205,0.82867641,9.9189336,-999.0,14
120120009240424237,0.92404341,10.10308529,18.903400421142578,76
120040009864865451,0.98650138,10.03740977,20.886600494384766,45
120050009860776746,0.98606479,10.04685046,18.819599151611328,69
120050009860924416,0.98608101,10.04489774,19.163400650024414,66
120160011006612735,1.10072288,10.13504029,-999.0,12
120180010856776275,1.08565191,10.15475346,21.44770050048828,34
120180010816118721,1.08154988,10.15678564,-999.0,13
120170010799423135,1.07981508,10.14388002,21.49850082397461,51
120170010803567569,1.0803436,10.14755812,21.484399795532227,11
120170010855347764,1.08553457,10.14766066,21.089500427246094,51
120160010968196334,1.09679893,10.13813194,16.529399871826172,61
120200010008726976,1.00088194,10.172132,21.68199920654297,16
120170008508988245,0.8509645,10.14815192,21.033000946044922,58
120160008527207583,0.85277475,10.13928734,-999.0,24
120170008436245812,0.84366872,10.14611002,18.944799423217773,73
120170008426070364,0.84268673,10.14157897,21.147300720214844,12
120160008464239019,0.84650443,10.14045993,15.932499885559082,69
120270008919138388,0.89192187,10.23164854,21.694000244140625,53
120280008869022327,0.88694235,10.23489658,22.752399444580078,42
120300008929248600,0.8929541,10.25677228,18.810100555419922,71
120300008940666726,0.89406717,10.25524641,21.40399932861328,29
120260008525265545,0.85258702,10.22088716,22.294700622558594,35
120290008859219897,0.88596934,10.24951394,20.861099243164062,47
120210009041433126,0.90423077,10.17721614,21.717199325561523,27
120200009088267125,0.90887838,10.17217039,20.427799224853516,52
120120009321268346,0.93212985,10.10649843,21.99410057067871,14
120120009331013502,0.93303035,10.10235245,19.996000289916992,67
120110009371068164,0.93710327,10.0980767,21.71780014038086,30
120130009261112754,0.92611314,10.1102453,-999.0,20
120210010930400417,1.09302129,10.17485409,18.714799880981445,54
120140010801146324,1.08011245,10.12142953,20.36949920654297,68
120150010881786238,1.08812265,10.12972186,21.0093994140625,35
120150010888543198,1.08879088,10.12721186,21.63800048828125,16
120140011186406665,1.11858735,10.1217286,21.537399291992188,27
120220010080923446,1.00813772,10.18574274,13.764599800109863,65
120220009985503973,0.99856412,10.18619189,21.90999984741211,14
120220009969346264,0.99690245,10.18809272,21.57740020751953,36
120230009955030441,0.99549358,10.19156949,21.721599578857422,19
120160008366425295,0.8367082,10.13736276,19.508800506591797,57
120160008416280031,0.84168797,10.13297365,17.199499130249023,73
120160008434022451,0.84346344,10.13494901,21.3080997467041,35
120100007726578260,0.7727933,10.08979133,21.22369956970215,34
120100007696179071,0.76967334,10.09048594,22.063899993896484,16
120270008944383798,0.89448172,10.22775306,20.66320037841797,33
120190009049259021,0.90487803,10.16548186,22.00160026550293,14
120190009155136063,0.91552833,10.16297096,19.07539939880371,61
120200009127733110,0.91281197,10.16879477,21.823400497436523,25
120210011030659807,1.10303662,10.18275511,21.57110023498535,30
120190011065366859,1.10651229,10.16354938,21.23080062866211,30
120200010963043517,1.09624827,10.16910929,20.547500610351562,41
120210010972246580,1.09719962,10.1800164,21.31999969482422,31
120210010886097955,1.08858727,10.18114986,17.3080997467041,57
120160010524913921,1.052602,10.136131,13.779000282287598,64
120160010462777331,1.04629024,10.1389443,21.193099975585938,38
120160010452711730,1.04527241,10.13436885,20.619699478149414,56
120100007719134862,0.77214173,10.0867683,15.62559986114502,13
120100007725554726,0.77262968,10.0868781,20.67569923400879,59
120280008691172389,0.86921197,10.23492639,15.531299591064453,56
120280008744779550,0.87455194,10.24092208,-999.0,17
120290008742943688,0.87433822,10.24430842,-999.0,25
120100009365557628,0.93650633,10.08923449,21.53580093383789,21
120140009398961228,0.93987345,10.11724287,20.90290069580078,52
120130009277254413,0.92773894,10.11162474,21.204200744628906,48
120230009045239721,0.90437207,10.19938677,21.931400299072266,14
120230009051667384,0.90517994,10.19739495,19.966299057006836,59
120230009043006811,0.90429381,10.19695267,21.41069984436035,29
120220009036365660,0.90374622,10.18762925,22.011699676513672,11
120230009097901389,0.90980428,10.19240207,20.299999237060547,50
120220009094618219,0.90951585,10.1897647,21.554800033569336,35
120230010862328453,1.0862598,10.19823361,21.608200073242188,23
120230010812889180,1.08125888,10.19885028,20.346099853515625,65
120190010956569956,1.09560636,10.16615848,-999.0,23
120190010885049388,1.088562,10.16570587,21.221599578857422,26
120200010853423134,1.08536072,10.16878001,21.559099197387695,13
120190008157002525,0.81572849,10.16006413,22.536100387573242,16
120170008280136462,0.82808131,10.14665378,19.991199493408203,56
120180008305427150,0.83052178,10.15560088,19.279300689697266,41
120110009339280987,0.9339464,10.0921031,21.74410057067871,31
120060010293976741,1.02934047,10.05509594,17.58209991455078,60
120080010118951578,1.01190419,10.06749007,19.743200302124023,68
120070010158205061,1.01576801,10.06208573,20.749099731445312,59
120060010195588093,1.01955177,10.0562813,21.7632999420166,11
120240009011360544,0.90117003,10.2000243,19.75,62
120230009111523916,0.91113229,10.19454963,20.74169921875,55
120200009352905906,0.93529559,10.1711458,19.190099716186523,57
119980011069906248,1.10699788,9.98806544,21.53580093383789,33
120000010999777549,1.0999499,10.00583332,20.244800567626953,61
120180009848254807,0.98479921,10.15352981,20.513700485229492,29
120180009804745999,0.98043695,10.15458442,21.509899139404297,25
120100008946514414,0.8946669,10.08658923,19.930999755859375,69
120110008761147902,0.876127,10.09782607,17.682899475097656,76
120110008960355138,0.89604165,10.09556203,20.878799438476562,65
120120008883234423,0.88836283,10.10325426,20.34760093688965,42
120120008884634729,0.88838533,10.10325601,20.228500366210938,15
120120008887161484,0.88875037,10.10077809,21.654300689697266,17
119870009993160177,0.99936401,9.89134873,21.563800811767578,58
119870010234828219,1.02347313,9.89806144,21.952499389648438,14
120310009966335854,0.9966141,10.26276059,19.143400192260742,64
120310009954963236,0.99546911,10.26056444,18.555500030517578,60
120300010311413160,1.03114995,10.25223703,21.422800064086914,26
120000010777929136,1.077773,10.00714946,20.936199188232422,25
119990010819518926,1.08183752,9.99865107,20.78219985961914,20
119990010841372283,1.08426598,9.99300412,-999.0,19
119990011153522353,1.11534864,9.99316861,19.369600296020508,74
120030010837874279,1.08377452,10.02807678,-999.0,13
120020010924771154,1.09247461,10.01716503,15.90310001373291,61
120100008989609937,0.89882756,10.09124756,19.531200408935547,26
120100008991267464,0.89914861,10.08911886,19.3164005279541,66
120190009718660813,0.97190772,10.15857991,-999.0,13
120110008977140340,0.89773493,10.0915349,17.63360023498535,68
120110008919680990,0.89199514,10.09208078,17.948699951171875,79
120100008845567748,0.88457296,10.08940321,21.369800567626953,27
120100008844575509,0.88436081,10.08755973,21.2544002532959,29
120110008857102789,0.88572996,10.09355575,21.37350082397461,24
120100008817339867,0.88171053,10.09116611,21.027299880981445,36
119850009896653298,0.98962861,9.87726985,21.22369956970215,17
119850009923772815,0.9925312,9.87678426,19.93400001525879,59
120260010376994394,1.03767386,10.21985858,16.601999282836914,76
120270010408831874,1.04081741,10.22607614,19.73550033569336,69
120260010549223814,1.05485936,10.21941009,20.29050064086914,17
120260010552563810,1.05517802,10.21935849,20.642499923706055,23
120260010480383313,1.04800137,10.21901338,20.905000686645508,22
120300009909912888,0.99100113,10.25197746,20.675800323486328,36
120200009162502764,0.91624508,10.16854579,20.35890007019043,48
119910010936406955,1.09369114,9.93032038,20.42970085144043,41
119920010942173003,1.09425642,9.93534086,21.709999084472656,44
120140009890768393,0.98907034,10.12324252,21.38559913635254,58
119920010555272608,1.05546869,9.93513339,20.976999282836914,23
119980008740083030,0.87409052,9.98540271,20.534500122070312,48
119990008634351984,0.86346259,9.99284758,21.789100646972656,23
119990008570491349,0.85703512,9.99244415,21.062000274658203,11
119980008928616166,0.89293536,9.98804622,15.931300163269043,61
119980008951225813,0.89513872,9.98774468,21.37310028076172,19
119880010208109544,1.02080045,9.90749755,21.263599395751953,43
119880010168009630,1.01674431,9.90764404,21.107799530029297,31
119880010035399292,1.00353459,9.90727143,20.327299118041992,80
119880010063719745,1.00636835,9.90767745,21.398399353027344,56
120030008169636572,0.81701463,10.03006565,20.01289939880371,56
120280010403171901,1.04026749,10.23447461,20.717199325561523,39
120280010421103927,1.04207176,10.23613963,19.278400421142578,73
120250010357154127,1.03567889,10.21132479,20.172700881958008,64
120240010521978893,1.05218816,10.20694032,20.840999603271484,50
120210009217460435,0.92180564,10.17494294,-999.0,16
120190009296207251,0.92964073,10.16394497,18.077600479125977,66
120200009240091405,0.92404612,10.1673889,21.180099487304688,49
119970010969940789,1.09698916,9.97517138,19.939699172973633,61
119970010967116368,1.09669592,9.97983692,20.220699310302734,67
119970010904994859,1.09047387,9.97858729,18.32740020751953,64
119960011018179954,1.10177577,9.97451703,21.677499771118164,42
119920010721022336,1.07213538,9.93481655,20.574199676513672,41
119920010701496071,1.0701759,9.93794072,20.977800369262695,33
119910010529811279,1.05297211,9.92558605,20.52079963684082,33
119920010470713333,1.0470787,9.93563789,-999.0,21
119960008715436520,0.87161074,9.9716163,20.953399658203125,50
119970008749619431,0.87498391,9.98248065,21.017499923706055,42
119970008721164729,0.87214123,9.97854215,19.643400192260742,62
120100008246976151,0.82475869,10.08802485,21.806900024414062,28
120230009344548749,0.93443143,10.1985335,21.01889991760254,39
120100010561639898,1.05617688,10.09111456,21.493799209594727,57
119980011211593338,1.12113957,9.98567286,20.775800704956055,46
119970011208975340,1.12089655,9.97897571,21.37820053100586,32
119980011175541426,1.11748644,9.98417651,21.31559944152832,31
119980011086910466,1.10876681,9.98318955,21.719200134277344,36
119940008849677965,0.88500695,9.95622463,19.07229995727539,65
119950008865244996,0.88655951,9.96208624,-999.0,11
119950008843825744,0.88441145,9.96272072,20.288999557495117,56
119950008819181505,0.88195293,9.95915051,21.881999969482422,18
119980008908900700,0.89093565,9.98350828,21.76650047302246,19
119970008944069469,0.89446279,9.9824643,21.358400344848633,24
119970008875381313,0.88765183,9.97563973,-999.0,23
119980008576750840,0.85757518,9.98364766,-999.0,19
120090010698784931,1.06993959,10.07868696,-999.0,72
120240009304944959,0.9305201,10.20370952,19.480199813842773,67
120240009268703901,0.92691166,10.20289281,21.303300857543945,24
120230009346031899,0.93463042,10.19284186,21.840599060058594,28
119950010957952285,1.09580811,9.95971824,21.346900939941406,50
119950010893348000,1.08932366,9.96439966,21.348600387573242,26
119970011270803895,1.12709238,9.9777992,18.337499618530273,66
119960011247709373,1.12474222,9.97402,19.202999114990234,69
119960011235998853,1.12358678,9.97359622,19.873199462890625,60
119950008924081818,0.89243975,9.95939812,14.0177001953125,49
119950008942033639,0.89422625,9.96090775,16.776899337768555,55
119950008810736535,0.88107478,9.96335885,19.579200744628906,59
119990009033889324,0.90339624,9.99903051,20.943500518798828,49
119980009380099540,0.93800472,9.99083049,21.670299530029297,46
120110008273451407,0.82741293,10.0924426,16.479000091552734,69
120090010436697227,1.04372906,10.08055905,14.85789966583252,84
120240009249365764,0.92490542,10.20444371,21.599199295043945,20
119940011007490675,1.10075432,9.95007935,20.878299713134766,53
119960010848053058,1.08472542,9.96879504,21.388099670410156,39
120090009340051770,0.93402911,10.07601159,21.484699249267578,64
120090009359074919,0.93595169,10.07867141,21.471200942993164,11
120020009004364847,0.90048031,10.02028444,21.35540008544922,40
120010009090608939,0.90910325,10.01520255,20.52750015258789,43
119980009039316445,0.90398668,9.98821026,21.229799270629883,27
119990009097560626,0.90979848,9.99171751,19.75160026550293,66
119980009107538677,0.91082727,9.99012341,21.633800506591797,12
120210009415016632,0.94143127,10.18027696,22.099599838256836,21
120210009261407915,0.92617474,10.18116764,21.739700317382812,17
119930010801322962,1.08011486,9.94367886,17.129899978637695,70
120190009540842827,0.95407255,10.16022994,21.074800491333008,44
120120008809333419,0.8809829,10.1023982,19.263700485229492,72
120130008147356130,0.81478659,10.113056,18.058700561523438,68
120090008364445079,0.83646436,10.07884157,20.897899627685547,38
119870010122304366,1.01228074,9.89478429,21.916900634765625,25
119860010100848329,1.01004695,9.88982067,19.0846004486084,73
120250009932260679,0.99321503,10.20840306,21.520299911499023,33
120130009832926868,0.98326075,10.11365881,-999.0,11
120130009701548105,0.97017218,10.11458131,21.441299438476562,28
120150009009087888,0.900888,10.13110562,21.28860092163086,27
120150009262577104,0.92627885,10.13046834,21.127399444580078,42
120140009210207502,0.92100854,10.12251683,21.665700912475586,18
120140009216786249,0.92173916,10.12147653,21.094999313354492,42
120110010379874392,1.03795759,10.09484096,21.536399841308594,13
120300009669066030,0.96693516,10.25456523,16.713199615478516,66
120300009681405147,0.96811919,10.25384584,17.12649917602539,60
120310009720480771,0.97206559,10.25852117,19.409299850463867,59
120200011266938548,1.126669,10.17334308,18.485599517822266,60
120270010720841911,1.072063,10.22617344,21.6028995513916,39
120260010676536436,1.06768904,10.22154877,19.28700065612793,77
120290010422483027,1.04220944,10.24369697,20.845800399780273,41
120290010444638792,1.04445925,10.24854611,21.333900451660156,42
120140009968235832,0.99683455,10.1210808,21.409700393676758,13
119900010154358826,1.01543867,9.92356937,18.597999572753906,78
119910010207561418,1.02065852,9.92574663,21.826799392700195,18
119920010353548410,1.035377,9.93984197,21.77869987487793,21
119910010390591646,1.03903733,9.92588898,15.294699668884277,68
120020007619857447,0.76201474,10.0224704,21.556400299072266,13
119940008045692269,0.80464852,9.95144972,20.99090003967285,43
119940007989042703,0.79890758,9.95168207,17.401599884033203,56
120060009700208361,0.97003958,10.05649453,21.032800674438477,44
120060009701066624,0.97008446,10.05506497,20.47439956665039,68
120060009805606924,0.98053658,10.05529203,20.942399978637695,38
120070009735093879,0.97356889,10.06112017,21.279699325561523,43
120210009136673292,0.91370131,10.17731414,21.45210075378418,28
120140009026007256,0.90265271,10.1223184,20.624900817871094,46
120140009027113902,0.90275542,10.11951984,21.369300842285156,28
120280009733776505,0.97333077,10.23836283,-999.0,14
120280009748241640,0.9747868,10.23429531,20.883699417114258,51
120300009885737381,0.98857089,10.25577044,21.49090003967285,19
120310009746975526,0.97468251,10.26249077,19.138099670410156,53
120310009712226896,0.97122525,10.26363683,21.47089958190918,20
120220011109252400,1.11092676,10.18484949,-999.0,21
120240011041553813,1.10413348,10.20264525,21.61590003967285,45
120220011053744820,1.10538499,10.18692606,20.855300903320312,38
119900010150563673,1.01507462,9.91929318,21.866500854492188,25
119890010196004751,1.01962144,9.91189219,20.61210060119629,52
119890010229875375,1.02286892,9.91235666,21.457300186157227,32
119930010260451992,1.02604644,9.94287028,20.91939926147461,45
119910010306970180,1.03070098,9.92467444,-999.0,15
119900010304586680,1.03050586,9.92184418,20.58289909362793,32
120020008623521298,0.86240516,10.01735018,21.544700622558594,36
119990008726913591,0.87278383,9.99422994,16.817899703979492,61
119940009088295000,0.90882189,9.95375628,21.724700927734375,18
119940009044389984,0.90447104,9.95788562,21.0851993560791,35
119950009073534801,0.90731684,9.96177237,20.5669002532959,17
120070009607038341,0.96071626,10.06491111,21.32229995727539,33
120080009560936610,0.95609983,10.07172524,20.557600021362305,55
120070009550556784,0.95506913,10.06354773,21.42770004272461,34
120070009567966815,0.95679052,10.06353611,21.590499877929688,28
120080009672066075,0.9672514,10.07121238,21.869400024414062,16
120070009702447283,0.9702714,10.06389108,21.48150062561035,21
120080009723291311,0.97236444,10.06728713,-999.0,14
120060009733515895,0.97330258,10.05445081,20.170400619506836,65
120070009657031533,0.96568618,10.05912877,21.30389976501465,51
120210009100257690,0.91002049,10.18103018,20.47100067138672,53
120290009626528469,0.96272164,10.24824081,-999.0,20
120280009551279234,0.95506874,10.24073757,21.59149932861328,17
120220010979717930,1.09797182,10.18949268,20.26289939880371,49
120230010994755871,1.09944191,10.19613207,21.258499145507812,30
120150010037600003,1.00379367,10.12459185,20.576499938964844,36
120140010041139922,1.00387097,10.12454773,20.756000518798828,11
119920010016830467,1.00164198,9.93330418,-999.0,16
119980008862328058,0.88630519,9.98957132,19.806699752807617,58
119990008859753146,0.88601233,9.99389654,20.009700775146484,69
119990008840061095,0.8840788,9.99219078,20.939800262451172,34
120020008590267320,0.85907636,10.02218155,21.140100479125977,41
120010008536345709,0.85368327,10.01263881,18.06170082092285,76
119930009234312345,0.92344964,9.94315018,20.209699630737305,66
119930009210113701,0.92101546,9.94431219,17.900699615478516,73
120290010226628135,1.02261373,10.24800582,20.588300704956055,47
120290010224424748,1.02240902,10.24516493,20.17530059814453,57
120130009556290627,0.95565323,10.10834641,21.14739990234375,53
120130009574082239,0.95740526,10.10976721,21.800899505615234,20
120130009574160604,0.95735299,10.10846494,21.412799835205078,16
120100009842261152,0.9843977,10.08379629,21.42930030822754,18
120110009876972726,0.98770017,10.09349675,20.009599685668945,63
120160009540419917,0.95411876,10.14125778,-999.0,16
120160009537099683,0.95380002,10.14122998,12.102700233459473,11
120160009539889566,0.953971,10.140919,-999.0,16
120070011243876260,1.12438762,10.0631372,21.50779914855957,13
120070011244111284,1.12441601,10.05904822,22.104900360107422,27
120060011430867797,1.14297657,10.05608148,-999.0,15
120070011317320887,1.13174862,10.05862114,22.279800415039062,39
120040011391790606,1.13918334,10.03326588,21.566200256347656,26
120190009174451399,0.91748823,10.1590827,19.497499465942383,69
119910010642585689,1.06424347,9.92930814,21.654600143432617,14
119930009905560331,0.99059161,9.94144919,21.15719985961914,40
120240009525400146,0.95252694,10.19973342,21.10540008544922,54
120240009523936088,0.95244976,10.20459927,21.59480094909668,21
119980008901489142,0.89026237,9.99043419,20.945999145507812,44
119980008774207717,0.87742815,9.98935346,-999.0,14
119980008793837675,0.87923461,9.98923839,-999.0,45
120000009191564573,0.91914931,10.00337465,20.953100204467773,35
120000009113690316,0.91136882,9.99983169,22.38319969177246,39
119930009125226238,0.9124903,9.94642651,20.911399841308594,61
119940009049588275,0.90486502,9.9565877,21.163000106811523,24
119940009045648334,0.90482665,9.95656547,20.99850082397461,15
119940009005368173,0.90059285,9.95642698,21.183700561523438,58
119930009327779918,0.93278571,9.94950923,20.350799560546875,55
120290010018601454,1.00179687,10.24245301,20.89699935913086,19
120260010280085442,1.02795394,10.22078652,21.565099716186523,40
120260010294532247,1.02941378,10.21805612,21.371599197387695,31
120300010323900930,1.03232689,10.2503248,21.763700485229492,23
120290010272067318,1.02722809,10.24730787,17.67650032043457,59
120290010136399436,1.01364762,10.24918394,21.46769905090332,12
120300010219990357,1.02207939,10.24978895,20.981599807739258,32
120300010171881061,1.01721241,10.25041688,21.61319923400879,19
120280010258867584,1.02585751,10.23920619,-999.0,13
120140009615590035,0.96156475,10.11624102,16.57040023803711,82
120160009538249293,0.95365618,10.14051738,12.842599868774414,20
120170009562597949,0.95632262,10.14782335,15.097299575805664,65
120050010955411847,1.09552914,10.04273386,20.441499710083008,46
120050010938896509,1.09384353,10.04671858,21.068599700927734,12
120040011473244695,1.14743492,10.03671241,22.003999710083008,45
120080011294663308,1.12941864,10.06900617,21.399999618530273,21
120060011296637763,1.12981757,10.05589902,21.353200912475586,31
120180009401824855,0.94014832,10.15357272,18.904499053955078,74
120190009071640353,0.90720839,10.15811395,22.25629997253418,30
120230009883075794,0.9883097,10.19604498,18.433500289916992,74
120240009728884161,0.97287611,10.20300108,21.140100479125977,52
120260010072181041,1.00720171,10.21708876,20.427499771118164,39
119990009328251479,0.93283759,9.99246253,21.856000900268555,16
119990009284539374,0.92851814,9.99903168,20.425100326538086,68
119990009259378281,0.92590749,9.99815903,21.4778995513916,13
119990009232941750,0.92332671,9.99270314,21.637699127197266,50
119990009200256102,0.92003915,9.99623512,20.641000747680664,65
120000009136085929,0.91355867,10.00455238,20.818500518798828,42
120270010012901210,1.00124143,10.22557314,20.84040069580078,25
120280010102251331,1.01004518,10.2339133,21.607799530029297,15
120150009708666309,0.97085238,10.12982416,19.208900451660156,64
120140009688052729,0.96881875,10.11852758,21.206899642944336,53
120140009721369262,0.97212979,10.12390268,21.347700119018555,20
120040011135606313,1.11360294,10.03813852,21.702800750732422,14
120040011155303166,1.11561471,10.0354766,19.870500564575195,43
120050011018129743,1.10180308,10.04928209,20.301799774169922,65
120040011007516410,1.10058241,10.0383704,-999.0,14
120080010856200626,1.08559618,10.06673097,-999.0,25
120060010858945988,1.08588409,10.05451625,18.65130043029785,85
120070010887320425,1.0887616,10.05819606,19.98310089111328,71
120150009377199487,0.9377436,10.13248497,20.184999465942383,68
120190009413913627,0.94139232,10.16089814,18.327600479125977,65
120180009413467041,0.94129677,10.15539927,20.67889976501465,56
120190009383042953,0.93835703,10.1603607,15.934900283813477,68
120170009680085594,0.96799582,10.14591237,21.0674991607666,32
120160009856629568,0.98564339,10.14086694,20.801300048828125,59
120290009946112070,0.99457445,10.24294843,21.944000244140625,16
120270009938378297,0.99381535,10.23149604,-999.0,13
120280009914850953,0.99145966,10.23365854,20.47920036315918,53
120280010019250594,1.00189224,10.23342519,21.083499908447266,34
120270010033213087,1.00337588,10.22713257,21.169700622558594,26
120150009148050110,0.91482718,10.12464885,20.43429946899414,54
120140009156979010,0.91559895,10.1237609,-999.0,14
120150009177187823,0.91776073,10.13107618,20.70210075378418,48
120150009795780166,0.97953897,10.12478378,21.152700424194336,33
120310009502527239,0.9502485,10.26393128,19.202199935913086,67
120260010870304394,1.08691311,10.21990281,20.321199417114258,36
120160009316506996,0.93164094,10.13875304,19.61910057067871,61
120160009295115420,0.92956229,10.13735891,20.91830062866211,28
119890010434797554,1.04350515,9.91415739,19.33639907836914,70
120250010027265140,1.00268804,10.21211783,21.570100784301758,20
120250009958655953,0.99587767,10.21283599,20.34320068359375,12
120250009978925814,0.99787967,10.21274184,19.45840072631836,67
120250009959146925,0.99584358,10.21369214,20.67959976196289,29
120260010162878371,1.01628422,10.22318793,21.58049964904785,22
120260010211672184,1.0211448,10.21802461,21.173900604248047,42
120260010159546473,1.01593856,10.22159704,20.901199340820312,65
120140009317824473,0.93179154,10.12000929,20.36750030517578,58
120140009313628636,0.93136693,10.12344027,20.52079963684082,66
120170009002956324,0.90030645,10.14650544,21.52440071105957,12
120180009096681004,0.9097098,10.15040564,21.106300354003906,42
120160009145093973,0.91452974,10.13619531,20.936199188232422,38
120100010419027291,1.04186472,10.08891279,21.532699584960938,12
120300009554682336,0.95542887,10.25151593,21.613000869750977,45
120270010566606217,1.05664586,10.22971023,21.57159996032715,27
120280010592492324,1.05918958,10.23473263,-999.0,33
120280010689701037,1.06894617,10.23376335,21.0939998626709,41
120150010220965103,1.02211991,10.12878227,16.154300689697266,64
120140010272258963,1.02718674,10.12368013,21.927400588989258,30
120140010253879060,1.02530528,10.12372187,21.411800384521484,15
120050008403553361,0.8403927,10.0440547,19.172300338745117,60
120040008449819559,0.8450682,10.04087755,21.066699981689453,53
119950009564613827,0.95644132,9.96108498,21.55120086669922,13
119940009394430575,0.93948574,9.95002471,21.39739990234375,51
119950009370642271,0.93702096,9.95975952,21.432899475097656,32
119940009280409409,0.92804394,9.95746063,-999.0,12
119940009396227942,0.93962751,9.95619597,21.167200088500977,24
120260008996346671,0.89961447,10.22182553,-999.0,24
120110009696098711,0.96941208,10.09862203,18.054899215698242,15
120120009697241077,0.9696448,10.10046825,21.513700485229492,14
120160009373954416,0.93736914,10.13663099,20.661500930786133,44
120080010834637853,1.08345889,10.07270548,16.44700050354004,62
120070011004703255,1.10037742,10.06068227,20.731800079345703,42
120090010945940724,1.09457738,10.07515228,20.94879913330078,53
120040011228289647,1.12274887,10.04093961,21.53260040283203,26
120040009205705346,0.92058052,10.03733662,20.940099716186523,43
120040009771647493,0.97715647,10.03910264,20.67930030822754,49
120040009786195539,0.97854081,10.03751865,21.485700607299805,36
120030009798717902,0.97982855,10.03107231,21.879100799560547,18
120040009775513206,0.97755014,10.0355251,20.609800338745117,59
120050008301445424,0.83025929,10.04577922,14.30679988861084,65
120050008242514569,0.82430044,10.04506337,19.655099868774414,62
120080008164994718,0.81656097,10.07024829,21.314800262451172,33
120070008280654408,0.82814063,10.06159277,20.729700088500977,32
119930009544001414,0.95449033,9.94245837,21.243900299072266,25
119940009488089382,0.94877901,9.95728109,21.44529914855957,27
119950009482915213,0.94829413,9.96219811,15.826800346374512,73
119950009508505580,0.95083783,9.96253523,20.63279914855957,47
120110009665829733,0.96656689,10.09931536,21.35420036315918,43
120150009604293771,0.96042868,10.12768795,16.720500946044922,72
120140009639979316,0.96395363,10.12402003,20.71579933166504,46
120090011126396901,1.11260726,10.08029392,21.273500442504883,38
120100011037596771,1.10372504,10.08851168,21.414499282836914,29
120090011075861854,1.10757245,10.07609374,20.672100067138672,36
120100010980378216,1.09805618,10.08969394,21.42099952697754,45
120110010845902995,1.08460522,10.09366693,21.31730079650879,33
120110010855642007,1.08553888,10.09285261,20.574199676513672,70
120080011193062771,1.11928714,10.06850185,19.447200775146484,66
120040009294788246,0.92952978,10.03973898,21.183900833129883,39
120070008983459275,0.8983932,10.06562801,21.542699813842773,25
120060008985616504,0.89845828,10.05508323,21.64780044555664,25
120060009010828253,0.90110574,10.05645796,21.51799964904785,30
120060009136225842,0.91363267,10.05450018,21.46030044555664,22
120030008399078273,0.83996997,10.03147625,17.068099975585938,73
120040008404102066,0.84038338,10.03456147,21.47089958190918,38
120080008119451018,0.81202664,10.06715694,20.485700607299805,25
120080008100610493,0.81028243,10.06649605,19.62649917602539,23
120080008102940256,0.81029694,10.06649707,19.631799697875977,26
120070008123968966,0.81245696,10.06539925,18.152999877929688,52
120060008183202529,0.81843205,10.05168723,-999.0,21
120060008202653905,0.82036741,10.05282435,21.714799880981445,47
119940009711874210,0.97117047,9.95307129,19.465999603271484,67
119970009485953001,0.94859511,9.9770434,17.534900665283203,65
119960009438495312,0.94386833,9.97063901,14.462499618530273,54
119950009588628192,0.95883677,9.96467754,20.95490074157715,42
119930009437695764,0.94376448,9.94604209,21.27989959716797,38
119930009495413849,0.94957502,9.94440139,-999.0,16
120110009786441149,0.9786383,10.09216827,20.104900360107422,65
120160009437441522,0.94375344,10.13415685,21.942100524902344,27
120150009503215283,0.95033763,10.12894848,19.535600662231445,72
120160009528260938,0.95279033,10.13374777,20.212299346923828,36
120110010809993593,1.08087152,10.09420303,22.086200714111328,45
120110010817550940,1.08170988,10.09203992,22.098499298095703,42
120040009385811510,0.93856411,10.03415334,21.39940071105957,33
120040009334395228,0.93345969,10.03732014,21.337200164794922,30
120030009352316832,0.93523849,10.03030604,20.871599197387695,51
120040009324850659,0.93250195,10.03344476,19.44569969177246,76
120030009323829468,0.93239803,10.0324586,20.164400100708008,57
120050009296391476,0.9296883,10.04249143,19.02440071105957,88
120040009263149580,0.92630624,10.0409111,20.179000854492188,70
120030009248237780,0.92487336,10.03106407,21.702199935913086,37
120030009235756310,0.92358874,10.02981534,22.00189971923828,14
120040009223210038,0.92233177,10.03293617,21.6112003326416,42
120040009252878847,0.92526523,10.04028637,21.044700622558594,32
120090008826868039,0.88270916,10.08130003,17.43440055847168,82
120050008112597113,0.81128021,10.04718009,19.272899627685547,65
120050008385810252,0.83862772,10.04147522,20.736499786376953,44
119980007939196010,0.79402654,9.98788398,21.800600051879883,50
119990007969370899,0.79700868,9.99198904,20.49880027770996,56
120150009574520553,0.95746634,10.1250076,20.67609977722168,18
120150009574490887,0.9574916,10.12513969,20.53849983215332,19
120050008738333972,0.87394644,10.04457091,21.345300674438477,27
120050008715700498,0.87159356,10.04164292,21.11400032043457,36
120050011421370736,1.14212959,10.04182226,21.12070083618164,45
120050011425368277,1.14252256,10.04807382,21.36989974975586,36
120040009031542807,0.90320372,10.03520259,19.851200103759766,68
120040008993145414,0.89937646,10.03740588,21.386199951171875,35
120030009190586401,0.91907979,10.02988336,20.657899856567383,52
120020007799653188,0.78004442,10.01886917,-999.0,21
120000008082235702,0.808263,10.00433626,16.481800079345703,52
119990008047795904,0.80479974,9.99614072,17.509700775146484,61
120010007887172537,0.78876358,10.01006085,21.868099212646484,34
120020007945083996,0.79451087,10.01952137,-999.0,11
120020007918763884,0.79193034,10.0194824,21.06999969482422,56
120000007877133888,0.7877811,10.00282887,20.79800033569336,57
119990007927275788,0.79278002,9.99603686,21.54990005493164,42
120130008067045410,0.80672324,10.11242711,15.528200149536133,70
119910009043999104,0.90442351,9.93214655,19.25040054321289,81
119910008985893655,0.89861419,9.92761318,20.92650032043457,65
119900009140717756,0.91414621,9.92263772,21.492599487304688,14
120110009834760292,0.98348607,10.09144843,20.749799728393555,50
120280009148750463,0.91489907,10.23332481,-999.0,22
120270009119209786,0.911949,10.23275938,20.93910026550293,58
120280009096145917,0.90959019,10.23782931,21.550600051879883,12
120280009060400113,0.9060533,10.23295859,21.551700592041016,44
120140009524923699,0.95245068,10.11935807,21.680299758911133,11
120050008621662291,0.8622347,10.0431591,18.553699493408203,73
120050008601366492,0.86014765,10.04670185,21.07979965209961,40
120040008661106943,0.86614892,10.0387026,18.612600326538086,76
120050011286002867,1.1285845,10.04360224,21.17289924621582,25
120050011276592889,1.12766161,10.04354934,20.951400756835938,38
120050011256560043,1.1256956,10.04128274,21.30120086669922,22
120180009237308974,0.92376107,10.15703221,17.21299934387207,70
120180009258976628,0.92591774,10.15510537,19.77400016784668,64
120160009213229840,0.9213024,10.14116152,21.61079978942871,30
120100008825793902,0.8826839,10.08607455,-999.0,11
120030008030732858,0.80314406,10.02695292,18.108299255371094,63
120020007975406157,0.79759008,10.02137605,19.731399536132812,63
120020007763230288,0.77642901,10.01646574,19.408700942993164,61
120070007864449399,0.78658602,10.06571111,-999.0,21
120070007962732772,0.79636487,10.0601547,21.715599060058594,15
120070007918452451,0.79187744,10.05995331,21.4237003326416,14
119860009501457586,0.95016644,9.88920962,17.272899627685547,66
119870009462211120,0.94623348,9.89217395,20.215599060058594,58
119850009453472401,0.94532281,9.87649837,21.126100540161133,31
119850009572637873,0.9572799,9.88112817,18.114099502563477,66
120250009312913711,0.93125474,10.21100019,21.06570053100586,24
120270008996594355,0.89963076,10.22833018,22.090700149536133,23
120100009665199492,0.96645376,10.09071397,21.29800033569336,20
120090008241261467,0.82416964,10.075786,21.04490089416504,38
120280009484671202,0.94844664,10.23386317,20.915000915527344,52
120270009578938661,0.95785773,10.23181909,21.30419921875,29
120280009511853660,0.95118147,10.23595542,18.012800216674805,71
120090008606695180,0.86072852,10.07891059,16.376300811767578,80
120090008898506665,0.88988069,10.08014385,19.03190040588379,73
120090008898576302,0.88986768,10.08015132,18.59280014038086,11
119970007745745649,0.77461046,9.97927,19.621999740600586,65
119950007939168817,0.79394188,9.96535571,20.995399475097656,14
119960007917756475,0.79187106,9.97163338,21.252199172973633,16
120050007962152177,0.79631146,10.04305176,21.291900634765625,21
120050007972729625,0.79721141,10.04933174,13.483699798583984,61
120040008012468127,0.80134318,10.03976863,21.288799285888672,15
120080008021036583,0.80215696,10.07172362,21.223800659179688,56
120060008080502349,0.80807825,10.05152545,19.795400619506836,61
120070007844321382,0.78452833,10.05908178,21.75550079345703,23
120080007789022718,0.77901482,10.06858585,22.014799118041992,20
119970009258602565,0.92581561,9.97671449,-999.0,30
119970009247886041,0.92471268,9.97958434,20.89620018005371,39
119960009276122057,0.92756347,9.96792581,20.785900115966797,54
119950009261557339,0.92613553,9.96399244,22.019500732421875,20
119960009256181417,0.92566317,9.96740143,-999.0,11
119960009318046858,0.93192668,9.97192763,21.598499298095703,32
119960009258945705,0.92582821,9.97086783,20.7185001373291,38
120120009708253827,0.97087911,10.10273824,21.473800659179688,20
120090009787288896,0.97873215,10.08193935,19.756999969482422,57
120260009732302619,0.97319202,10.21838011,21.587600708007812,45
120250009738828604,0.97386383,10.21508933,21.417299270629883,16
120270009441303981,0.94412856,10.2278897,19.951799392700195,59
120270009476134536,0.94761455,10.22836708,20.946300506591797,53
119970007965967133,0.79656654,9.98051013,-999.0,37
120080008325503661,0.83264876,10.06927034,21.440900802612305,13
120070008359778945,0.83602366,10.06537387,20.8882999420166,41
120060008393699658,0.83942553,10.05764093,-999.0,24
119980009376721880,0.93764328,9.98449179,20.44809913635254,55
119960009340009833,0.93401645,9.97439819,20.476499557495117,41
119970009363621614,0.93635888,9.97589443,20.87779998779297,11
119970009377873597,0.9378976,9.97754322,20.30419921875,28
119970009386103805,0.93868088,9.97771793,19.967300415039062,56
119970009087405233,0.90875158,9.97890739,18.247299194335938,66
119980009195632358,0.91966799,9.98483918,21.17169952392578,64
120050008032137083,0.80330149,10.04706454,21.759899139404297,14
120050007915636386,0.79155814,10.04652625,20.896799087524414,34
119980009156730230,0.91567778,9.98302519,20.47480010986328,32
120240009344818922,0.93443379,10.20688411,20.0939998626709,13
120240009341818570,0.93422331,10.20675588,19.943899154663086,43
120260009228019155,0.92284856,10.22386059,21.963199615478516,32
120160009360556966,0.93607719,10.13866301,21.827899932861328,11
120120008184543472,0.81851535,10.10250298,21.728300094604492,18
120060011227422706,1.12269114,10.05183015,21.138099670410156,45
120050009743182867,0.97435484,10.04359182,-999.0,13
120230009445504064,0.94452591,10.19457607,18.720800399780273,74
120220009520018796,0.95200569,10.19022931,21.80470085144043,21
120230009513160298,0.95133192,10.19148415,19.331499099731445,76
120200009458734076,0.94586576,10.16961312,20.13249969482422,63
120190009467798369,0.94681944,10.16489628,21.026399612426758,24
120200009508566270,0.95088741,10.1714891,21.469600677490234,19
119990010612601470,1.06122558,9.99240191,19.397600173950195,58
119910008697272963,0.86972212,9.92706787,20.62339973449707,48
119910008726543128,0.87266249,9.92719961,21.105600357055664,49
119910008706547127,0.87072041,9.93045664,21.659099578857422,35
120240008929883548,0.89289524,10.20236912,18.228900909423828,34
119880008974839170,0.89752508,9.90725013,-999.0,73
119910009148277035,0.91486113,9.9304358,21.51110076904297,37
119880009402791241,0.94034337,9.90058243,21.557199478149414,20
120260009550285728,0.95503127,10.22098646,19.891300201416016,65
120290009048159867,0.90482708,10.24947181,-999.0,26
120310009000631286,0.90007565,10.25904965,21.018400192260742,12
120210009737080447,0.9736923,10.17490429,21.473600387573242,22
120230009448598931,0.94485624,10.19866577,18.575300216674805,70
120230009497557857,0.9498446,10.19778704,14.995200157165527,74
120230009517316979,0.95172055,10.19703879,17.147899627685547,67
120230009453541921,0.94535567,10.19277624,21.707300186157227,24
119920008607553762,0.86076011,9.93598939,22.016199111938477,16
119850009220695393,0.92207507,9.87904226,21.2721004486084,47
119850009245356920,0.92460432,9.88028141,21.505800247192383,15
119850009204738131,0.92055481,9.88141575,21.582399368286133,49
119930009067400189,0.9067591,9.94139207,21.162799835205078,67
119910009201414901,0.92019023,9.92866986,20.74799919128418,34
120010008451257648,0.8451109,10.014338,21.97570037841797,27
120010008317717574,0.83182394,10.01420956,20.438400268554688,64
120250009646013349,0.96467648,10.21074204,21.225400924682617,20
120230009776370937,0.97763914,10.19197504,19.318300247192383,67
120220009786606694,0.97864883,10.18846495,19.63279914855957,66
120240009683664898,0.96840308,10.20362217,15.261300086975098,66
120240009718081092,0.97182042,10.20044759,19.5393009185791,75
120220009752957944,0.97523986,10.18952378,21.890199661254883,49
119870008845966205,0.8846596,9.89638241,-999.0,18
119860008833806830,0.88339516,9.88861131,22.0585994720459,40
120090008056279432,0.80565162,10.08244983,18.57740020751953,63
119860009316649984,0.93168306,9.89119968,21.16819953918457,38
119870009334254463,0.93344443,9.89491855,18.456300735473633,75
119870009345470180,0.93455098,9.89140842,20.13960075378418,64
119870009059222553,0.90597018,9.89340224,-999.0,24
119850009195068061,0.91952178,9.88129094,20.6914005279541,47
119860009119617788,0.91198306,9.88935147,20.579700469970703,36
119840009424288359,0.942506,9.87329964,22.17639923095703,19
120120009434933815,0.94347055,10.10272421,21.90839958190918,19
120000008470252592,0.84707227,10.00174041,19.659299850463867,56
119990008440485837,0.8440971,9.99627841,-999.0,22
120030008386253521,0.83880844,10.02729178,19.966999053955078,15
120030008387993239,0.83884124,10.02723939,19.82430076599121,43
120010008521289478,0.85215123,10.01592618,20.755199432373047,23
120220009835770703,0.98357292,10.18345709,21.955299377441406,14
120220009693567631,0.96935608,10.1892439,16.930099487304688,68
120000007790961321,0.77914016,10.00066596,17.37310028076172,66
120120007802170756,0.78031352,10.10021618,22.024099349975586,20
119900009130650688,0.91309991,9.91678542,19.10689926147461,52
119900009132460358,0.91309313,9.91678976,19.045799255371094,14
119890009133949604,0.91344904,9.91590222,19.96809959411621,18
119900009128563239,0.91293541,9.91892702,21.08690071105957,16
119870009260273440,0.92603856,9.89411047,21.38479995727539,46
120020008181626698,0.81816593,10.02183045,21.244300842285156,35
120030008211504401,0.82118281,10.02829439,21.930599212646484,31
120030008231604748,0.82321318,10.02855025,21.736400604248047,40
120020008204987880,0.82059994,10.02273049,21.06209945678711,45
120000008464039000,0.84643127,10.00707236,20.232200622558594,73
120200009862440646,0.98622782,10.16674419,16.874099731445312,59
120200009871047911,0.98708657,10.17284529,21.7677001953125,22
120200009838827955,0.98383636,10.17281336,20.664400100708008,22
120200009878432045,0.98782699,10.16791276,18.90519905090332,64
120100008723390678,0.87241323,10.08349113,20.482200622558594,60
120090008704587630,0.87048373,10.0809496,18.750699996948242,81
120090008729636777,0.87300385,10.08024126,20.6914005279541,67
120010007667866700,0.76682623,10.01348802,-999.0,41
120010007753464646,0.77533796,10.01167922,20.89349937438965,22
119980007692117343,0.76927854,9.98903855,21.410200119018555,31
119990007658083691,0.76590822,9.99429457,18.337799072265625,62
119990007694270631,0.76944409,9.99179659,22.016300201416016,39
119870009326529357,0.93265552,9.89906477,-999.0,29
119890009218527222,0.92180214,9.91399888,21.80579948425293,36
119890009177250613,0.91775148,9.90843082,19.6471004486084,59
119990008900153021,0.89002258,9.99375122,19.260000228881836,75
120000008937131009,0.89381284,10.00028074,20.73069953918457,47
120010008846391585,0.8846812,10.00921809,21.971099853515625,26
120010008947860262,0.89483985,10.00800324,21.09709930419922,45
120010008885499037,0.88858559,10.01542869,21.117700576782227,40
120020008173088042,0.8173503,10.0229557,21.760299682617188,15
120120009502335266,0.95026704,10.10396341,-999.0,13
120160010072211209,1.00720958,10.13379617,20.54129981994629,25
120140010097378807,1.00971945,10.12353127,19.68600082397461,80
120030009097374498,0.90975639,10.02830678,21.674299240112305,23
120020009133594242,0.91352506,10.01967476,21.49139976501465,52
120020009130147481,0.91297483,10.02246525,21.263900756835938,56
120000009394568667,0.93937494,10.00680003,22.04949951171875,16
119990009316019406,0.93166815,9.99901684,20.74720001220703,63
120000009316602803,0.93156112,10.00193114,21.171300888061523,55
120000009266116675,0.9266107,10.00515884,21.37220001220703,41
120220008752103535,0.87529934,10.18587526,15.315999984741211,69
120240008755215994,0.87555329,10.20458637,20.60460090637207,65
119900008495189337,0.84956964,9.92400799,21.012399673461914,47
119910008508783234,0.85090987,9.9273023,21.485599517822266,16
119920008488940614,0.84894957,9.93339546,19.5492000579834,51
119900008470876028,0.84709867,9.9212606,21.541200637817383,24
119870009146748540,0.9147044,9.89834512,20.20330047607422,63
119870009715492340,0.97156009,9.89316967,20.946699142456055,45
120020008699670617,0.87004238,10.01682516,-999.0,11
120020008681405068,0.86820177,10.02047718,21.25469970703125,41
120120009529330845,0.95291772,10.10030478,21.072599411010742,27
120120009495298298,0.94953657,10.10643056,19.932600021362305,13
120170010043656627,1.00437332,10.14670081,21.382200241088867,23
120170010050930331,1.00507989,10.14147517,-999.0,19
120170010050895135,1.0050508,10.1454407,21.55590057373047,21
120000010451554844,1.04514682,10.00353175,20.680999755859375,39
120000010487134351,1.04874333,10.00324629,21.148000717163086,12
120030009060153893,0.9060869,10.02783623,21.631900787353516,30
120020009188362676,0.91887197,10.01842051,20.215900421142578,50
120010009183379436,0.91833827,10.01571372,22.01650047302246,12
120030009202491693,0.920253,10.02598685,20.06570053100586,65
120030009168310787,0.91685173,10.025212,20.923799514770508,43
120020009160848186,0.9161038,10.02304813,20.506099700927734,69
120230008895194643,0.88952255,10.19513333,21.618799209594727,20
120230008922979071,0.89232605,10.19880847,20.857200622558594,47
120240008635161562,0.86360956,10.20087825,21.670900344848633,17
120240008606794335,0.86072255,10.20317645,21.58650016784668,16
119900008309312854,0.83095825,9.91865086,20.389799118041992,47
119890008398483345,0.83988805,9.910708,17.741500854492188,71
119890008451908827,0.84525388,9.91522337,21.081600189208984,46
119890008462025616,0.84624157,9.91256976,19.60379981994629,67
119920008480433344,0.8482021,9.93577868,21.19930076599121,14
119900009324607510,0.93248353,9.92249473,21.04640007019043,56
119920009212829546,0.92131055,9.94080661,20.476900100708008,52
119910009209354533,0.92097049,9.92834418,20.75,23
119910009207011256,0.92077397,9.92551295,21.217199325561523,33
119900009246349801,0.92463637,9.92436618,21.57029914855957,21
119910009281317181,0.92813161,9.93055605,20.704500198364258,68
120010008947786513,0.89486566,10.01329801,20.107999801635742,57
120020008948634876,0.89490766,10.02031152,22.06920051574707,31
120030008878224712,0.88788591,10.02854482,21.357099533081055,17
120030008885043457,0.88854796,10.02748612,20.8302001953125,48
120030008880001157,0.8880353,10.02554533,20.630300521850586,51
120030008603583104,0.86042264,10.02712577,-999.0,15
120010010334649861,1.03345407,10.01607221,20.893699645996094,38
120010010375218961,1.0375193,10.01536054,21.522899627685547,51
120010010544291835,1.05445844,10.00939243,22.16550064086914,19
120000010424261055,1.04238327,10.00042998,21.264999389648438,23
120240008813172771,0.8813478,10.20186748,21.30340003967285,38
120240008858256493,0.88586961,10.20498308,20.25550079345703,61
120240008847724016,0.88479272,10.20293048,19.164400100708008,65
119900008876129398,0.88765839,9.92396655,21.409400939941406,34
119910008793769734,0.87941609,9.93269521,20.78969955444336,60
119920008782483226,0.87828592,9.935578,15.829299926757812,80
119910008852031075,0.88523246,9.92542485,22.02669906616211,11
119900008269129330,0.82697247,9.92397721,20.876399993896484,45
120100007992413085,0.79929941,10.08549558,20.693700790405273,69
120100008057633510,0.80581946,10.08586243,19.8518009185791,74
119890009375807208,0.93761271,9.91387743,20.702800750732422,11
119890009374374390,0.93749705,9.91155285,21.71780014038086,36
119890009366995554,0.93673726,9.91254178,20.894500732421875,45
119930009411740155,0.94120296,9.94132969,20.871200561523438,50
119920009411142290,0.94106356,9.9348495,20.946800231933594,42
119900009421839596,0.9421938,9.92424679,21.63290023803711,36
119900009395769002,0.93956407,9.92371792,-999.0,18
119910009403268148,0.94034564,9.93131634,21.07349967956543,46
120020009324868460,0.93253707,10.02330811,19.184099197387695,68
120020009392706100,0.93926428,10.02128799,21.80579948425293,13
120030009331360221,0.93314385,10.02472526,20.87350082397461,25
120030009347552427,0.93476358,10.02658185,20.567100524902344,54
120010009406730169,0.94069057,10.00802908,19.227100372314453,75
120010009386650579,0.93860252,10.00834574,20.703800201416016,46
120010009327069592,0.9326654,10.01593763,21.10460090637207,42
120010009361552234,0.93616964,10.00975397,15.052300453186035,69
120030009230080356,0.92304433,10.0248492,20.810100555419922,53
120030009232682382,0.9233192,10.02655222,21.67449951171875,16
120030009224932118,0.92249128,10.0263332,20.825000762939453,43
120020009294315691,0.92949064,10.02103451,-999.0,26
120020009275914616,0.92762003,10.02003732,21.07379913330078,42
120020009260007177,0.9260675,10.02222637,21.237499237060547,36
120210008841922260,0.88433238,10.17648232,14.546299934387207,78
120210008872474759,0.88722173,10.17863021,-999.0,15
119870008734578824,0.8735041,9.89857137,-999.0,16
119880008708320439,0.87085278,9.90006737,21.46030044555664,29
119880008621090764,0.86212932,9.90016439,19.804399490356445,73
120120007631596658,0.76321248,10.10516578,21.175800323486328,43
119920009797139913,0.97970411,9.94113664,-999.0,15
119920009755165066,0.97548849,9.93713944,21.349000930786133,59
119920009720318151,0.97203854,9.9397007,21.190799713134766,62
119900009876349830,0.98762421,9.92438392,21.802099227905273,36
120100011222182679,1.12225105,10.08500223,20.749099731445312,27
120100011221396594,1.12214804,10.088381,18.964099884033203,61
120110011149692047,1.11488857,10.09289566,21.020999908447266,34
120050009620025342,0.9620073,10.045712,20.98699951171875,40
120050009546437140,0.95478426,10.04718201,21.93869972229004,22
120050009586517501,0.95865985,10.04747219,19.981199264526367,70
120130008984818194,0.89849516,10.11472036,20.254499435424805,61
120130009003718117,0.9003785,10.11459264,21.476699829101562,38
120020009425859548,0.94255936,10.02423017,21.20240020751953,39
120020009401659312,0.94017458,10.02395341,21.51180076599121,11
120030009376281426,0.93760192,10.02578806,21.520999908447266,31
120030009407972220,0.94073192,10.02642923,21.563400268554688,20
120030009379474486,0.93798247,10.02826081,21.164899826049805,37
120030009257475695,0.92572682,10.02937888,21.457300186157227,40
120020009311929656,0.93115924,10.02425608,21.096799850463867,24
120020009303679556,0.93036297,10.02419811,21.580799102783203,16
120020009291087091,0.92908698,10.02223784,21.409099578857422,23
120030009280384324,0.92803761,10.02817965,21.208099365234375,20
120030009280165466,0.92804488,10.0290827,21.5625,14
120030009291641489,0.92913983,10.02575027,21.637100219726562,12
120030009300571080,0.93007908,10.02543817,21.076200485229492,51
120010009421361661,0.9421503,10.00928226,20.823400497436523,43
120010009412705292,0.94131426,10.01231981,21.32509994506836,30
120020009386342026,0.93863544,10.01788414,18.378000259399414,66
119920008313020203,0.83132649,9.93307467,20.904199600219727,49
119900008306828966,0.83071056,9.923742,20.485000610351562,46
119910008341370548,0.83417725,9.92502625,18.61319923400879,52
119910008412023898,0.84127369,9.92775398,21.288999557495117,34
119920008541565110,0.85425436,9.93715662,20.35099983215332,68
119920008561153464,0.85614841,9.93577736,21.532899856567383,19
119910008535982226,0.8536354,9.92644088,21.547300338745117,43
119900008633669793,0.86346376,9.92422888,21.679899215698242,14
119900008634509387,0.86350925,9.92415251,21.331499099731445,11
119880008569513115,0.85700762,9.90215112,20.194700241088867,62
120120008001682537,0.80027094,10.10172557,21.537200927734375,32
120110007998455561,0.79992608,10.09586492,-999.0,22
119860009803250263,0.98031755,9.88305384,21.699199676513672,22
120100008517307675,0.85175515,10.0893247,20.889799118041992,53
120140007923183894,0.79235538,10.11950313,21.905899047851562,14
120140007862286882,0.78634295,10.12205514,21.85569953918457,13
120150007971130923,0.79710202,10.12530937,-999.0,71
120140011424921470,1.14248045,10.11744243,20.2012996673584,57
120130011449988784,1.14497639,10.11520741,20.54599952697754,63
120130011419447626,1.1419275,10.11422166,18.98870086669922,63
120130011344758598,1.13449531,10.11500647,21.276100158691406,47
120130011366541843,1.13664997,10.10940304,16.762399673461914,66
120110011544631291,1.15444875,10.09229532,20.447999954223633,44
120110011524997762,1.15246911,10.09763865,-999.0,37
120110011549672512,1.1549696,10.09337802,21.28420066833496,26
120120011516525667,1.15171611,10.10422895,21.50040054321289,25
120140010940003212,1.09398098,10.11886239,21.562999725341797,33
120030009461099965,0.94612837,10.03286217,20.456199645996094,48
120040009609860290,0.96096717,10.03306528,21.456100463867188,33
120040009623310016,0.96236447,10.03289784,20.541400909423828,61
120040009577313970,0.95778416,10.03618149,21.881500244140625,47
120040009562401466,0.95614867,10.03412086,20.44729995727539,50
120050009476502604,0.94755991,10.04346969,21.611099243164062,18
120050009458593302,0.94583993,10.04395515,21.42770004272461,22
120040009526535585,0.95265217,10.03756065,19.856000900268555,68
120040009476216708,0.94756829,10.03843438,21.285999298095703,40
120040009498155211,0.94985808,10.03722579,16.139999389648438,80
120050009543553055,0.95432757,10.04376642,20.577600479125977,65
120060009542281353,0.95421047,10.05062619,21.286100387573242,36
120040009569077853,0.95695204,10.03934764,21.444599151611328,39
120020009680314333,0.96805228,10.01986342,22.034500122070312,18
120020009737087065,0.97359756,10.02221363,20.59269905090332,38
119990009672559718,0.96726462,9.99931662,19.88949966430664,72
120000009714211735,0.97141349,10.00095977,-999.0,17
119990009726279678,0.97268601,9.9992413,21.83139991760254,35
120230008361104705,0.8361931,10.19516895,21.628599166870117,23
120220008346061689,0.83472681,10.18429897,21.600500106811523,13
120220008356864650,0.83574581,10.18683996,20.693300247192383,43
120010008232270470,0.82329774,10.00829962,20.940399169921875,39
119870009502905711,0.95028371,9.89595089,20.65250015258789,51
119900009611444111,0.96116841,9.91961192,21.272300720214844,33
120140007977948661,0.79786119,10.123484,-999.0,27
120140007990905979,0.79914125,10.12125756,19.07029914855957,70
120080011055080554,1.10545498,10.0666572,21.018199920654297,40
120060011113386280,1.11131865,10.05474034,21.46489906311035,17
120050011517788338,1.1518442,10.04808994,21.691299438476562,47
120080011311092206,1.13108882,10.06799142,-999.0,14
120080011329745831,1.13294482,10.07113389,21.64590072631836,24
120080011291427728,1.1290928,10.07268199,21.19540023803711,61
120080011442653826,1.14422697,10.06938247,19.080799102783203,62
120080011413625994,1.14133673,10.07109409,21.512699127197266,12
120080011430286201,1.14294092,10.07134546,21.249099731445312,20
120070009511896412,0.95121538,10.06326999,20.118799209594727,55
120070009479258785,0.94788326,10.06517977,20.835800170898438,43
120060009458663837,0.9458832,10.05276269,21.124300003051758,39
120070009440325010,0.94406033,10.0620683,21.022300720214844,21
120070009549423671,0.95492097,10.06095466,20.24810028076172,54
120070009569521149,0.95695088,10.05886378,21.482500076293945,21
120060009579705586,0.95795485,10.05427703,20.68440055847168,54
120060009594235044,0.9594099,10.05376999,20.965299606323242,48
120060009533075648,0.95328307,10.0542901,19.213300704956055,77
120070009520843418,0.95208073,10.06074738,21.41360092163086,28
120070009450184268,0.9450457,10.06161474,21.16119956970215,48
120070009487045294,0.94867917,10.06230173,20.460800170898438,53
120070009510501870,0.95109887,10.05944504,21.27720069885254,34
120040009504970679,0.95048667,10.03349035,21.186199188232422,49
120040009449811503,0.94498685,10.03411808,20.970600128173828,45
120140010077480728,1.00772211,10.1167996,20.06529998779297,76
120030009547624478,0.95476669,10.02829413,21.710800170898438,29
120030009575820274,0.95753766,10.02489789,21.489200592041016,14
120010009726421640,0.97265222,10.00925807,20.805299758911133,52
120010009825876016,0.98256995,10.01271625,21.273300170898438,28
120010009835432987,0.98353376,10.01035672,21.28499984741211,34
120220008531503267,0.85322542,10.18570246,21.210399627685547,13
120230008445600834,0.84459232,10.19197823,19.200899124145508,68
119940008630680440,0.86311269,9.94994779,17.83300018310547,67
119940008682413229,0.86827711,9.95228205,20.61680030822754,50
119870009483888955,0.94838179,9.8987339,21.564800262451172,12
119880009580115938,0.95800788,9.90448396,-999.0,19
119890009444983287,0.94453697,9.91065314,14.42240047454834,70
120050011163597379,1.11634368,10.04736376,16.638500213623047,71
120070011032492827,1.10324657,10.06019455,21.422700881958008,31
120070011038692469,1.10391306,10.05983372,21.002099990844727,19
120060011133335162,1.11331382,10.05385513,20.02359962463379,63
120060011162659119,1.11630822,10.05716101,-999.0,71
120030009750317691,0.9750091,10.03099209,20.239500045776367,57
120040009680168477,0.96808757,10.03985762,21.411300659179688,15
120040009753933501,0.97539839,10.03581652,21.081600189208984,43
120020009758959504,0.97586132,10.02414914,20.79949951171875,52
120020009795272234,0.97955969,10.01808455,18.717199325561523,69
120030009768872955,0.97687188,10.02696648,21.819000244140625,13
120030009537046163,0.95372877,10.02973062,22.03070068359375,27
120030009526642130,0.95267881,10.02635914,21.29509925842285,30
120030009494802134,0.94948354,10.02637325,20.58449935913086,54
120030009654845096,0.96546754,10.02881284,20.202699661254883,63
120210008408728767,0.84091393,10.18191821,18.063199996948242,67
120210008405073541,0.84056134,10.17754635,19.60059928894043,71
120210008481942747,0.84825997,10.17689413,19.881799697875977,56
119970008541609913,0.85422606,9.98280605,20.60810089111328,46
119950008675267394,0.86756779,9.96400404,21.01180076599121,43
119930008562576143,0.8563222,9.9463605,-999.0,27
120110007752424740,0.77504096,10.0951269,19.000600814819336,23
120290009269708757,0.92705705,10.24856875,-999.0,27
120280009408066130,0.94084926,10.23803929,-999.0,17
120280009420047011,0.94199126,10.23874844,19.777700424194336,64
120090009544795311,0.95446096,10.07894516,20.955900192260742,36
120090009489136567,0.94900552,10.08002138,21.746000289916992,11
120150010370299221,1.03702049,10.13221659,20.502500534057617,67
120150010397426057,1.03968114,10.12958309,21.148300170898438,27
119970009676538200,0.96767505,9.98141563,21.381900787353516,18
119970009679601986,0.96799665,9.9762441,21.126399993896484,30
119960009704312501,0.97043647,9.96825464,20.945499420166016,61
119960009757430822,0.97578399,9.96687872,-999.0,20
119970009677810779,0.96772372,9.97523435,21.617300033569336,28
120200008435906064,0.84360578,10.17134588,19.310400009155273,70
120030009855063165,0.98544444,10.02718388,21.473600387573242,18
119960008156251498,0.81565879,9.96749187,18.45509910583496,68
119960008173737404,0.81744351,9.97242361,-999.0,28
119950008141424371,0.81428634,9.96156308,21.091400146484375,19
119940008149059187,0.81494445,9.95732824,20.981000900268555,47
119950008160990405,0.81620113,9.95828418,-999.0,11
119940008247174733,0.82475366,9.95357455,21.68000030517578,18
120300009199114669,0.91995035,10.25346003,21.934099197387695,11
120310009210578860,0.92112558,10.26528968,13.83530044555664,49
120310009213598806,0.92115262,10.2653094,13.833499908447266,25
120290009287442286,0.92878887,10.24313261,20.77910041809082,36
120140010411293628,1.04111268,10.1191876,18.226999282836914,17
119980009500371576,0.95015845,9.9840924,21.42060089111328,30
119970009606720276,0.96076669,9.97479148,21.030500411987305,38
120220008291957300,0.82926042,10.18901086,21.76059913635254,31
119940008122400079,0.81229669,9.94964144,18.727800369262695,64
119930008328689262,0.83286536,9.94894772,21.46649932861328,17
119940008378601125,0.83793061,9.95056351,21.890499114990234,49
119930008367929070,0.83683051,9.94881102,21.20949935913086,41
119960008168139532,0.8168614,9.97416193,16.891599655151367,61
119890009720145650,0.9720194,9.91255351,21.24020004272461,30
119890009657197748,0.96571243,9.91436496,20.782100677490234,43
119920009434242537,0.94336895,9.93496407,21.479799270629883,51
119920009457712922,0.94576355,9.93530126,21.336999893188477,46
119900009532825430,0.95331509,9.92075669,-999.0,22
120320009233960476,0.92341837,10.26668696,20.690000534057617,17
120300009277595275,0.92779702,10.25396263,-999.0,15
120300009276134267,0.9276319,10.25317452,20.611900329589844,47
120300009254115436,0.92545781,10.2541373,22.270299911499023,17
120300009306847207,0.93070542,10.25555154,-999.0,14
120140010664943601,1.06644881,10.11925572,21.236799240112305,20
120150010591743190,1.05913425,10.12719247,20.741899490356445,50
120010009244950939,0.92448625,10.0086928,21.54990005493164,29
120010009223844257,0.92236566,10.01143533,21.558300018310547,29
120020009225310070,0.92265191,10.01636994,21.316099166870117,17
120010009214727009,0.92151244,10.01356318,20.833200454711914,47
120010009260459015,0.92606314,10.01540516,21.01759910583496,27
120010009244828837,0.9244725,10.01529264,19.60759925842285,61
120020009276363120,0.92775174,10.01877289,22.520999908447266,14
120010009295327017,0.92958558,10.01372209,21.422300338745117,19
119930009862577922,0.98622275,9.94790446,21.462799072265625,34
119950009795044746,0.97951064,9.96184593,-999.0,20
119950009716805419,0.97167409,9.96239043,19.61400032043457,57
119950009719673825,0.97196439,9.96104446,15.704000473022461,59
119950009796860560,0.97967629,9.95833014,21.061899185180664,38
119980009817332257,0.98166955,9.98479292,21.77829933166504,34
120210008925632041,0.89261652,10.17618251,21.852699279785156,11
120220008960592120,0.8961067,10.18466604,21.059799194335938,34
120230008783726076,0.87838781,10.19633727,-999.0,21
119890008750189272,0.87508616,9.91562311,21.76799964904785,33
119940008198321813,0.81988569,9.95107844,20.30620002746582,62
119890009867498863,0.98677306,9.91518631,21.661500930786133,32
119900009768340214,0.97684101,9.91640723,20.783599853515625,54
119900009867066289,0.98672523,9.92144628,21.74090003967285,17
120160007721634554,0.77221074,10.13673147,18.45439910888672,68
120110011246432266,1.12460858,10.0930906,20.603599548339844,62
120110011248601174,1.12485554,10.09213751,21.867900848388672,38
120100011493559271,1.14935054,10.09056628,21.409099578857422,26
120100011523584016,1.15234964,10.08621527,20.83989906311035,23
120120009073067243,0.90736595,10.10560952,21.375999450683594,22
120120009051562006,0.90511837,10.10120171,21.444000244140625,27
120020009931276764,0.99318908,10.0217905,21.657400131225586,23
120010009931254146,0.9931011,10.01138242,20.408599853515625,40
119990009901514392,0.99015063,9.99489547,20.67840003967285,57
119990009897810202,0.9897708,9.99141025,21.644100189208984,53
119970008507664222,0.85080347,9.97808092,-999.0,24
120140007768836816,0.77695368,10.12194452,19.97089958190918,65
120120011145714481,1.11459299,10.10323128,21.269699096679688,51
120130011247209324,1.12470203,10.11566349,22.49489974975586,32
120120011290459663,1.12903889,10.10760411,20.989200592041016,48
120090011376998924,1.13764854,10.08196213,21.55340003967285,24
120110009122568502,0.91228232,10.09831959,20.065200805664062,61
119990009534524746,0.9534245,9.99521088,21.306299209594727,40
119990009561765109,0.95615659,9.99549194,20.222200393676758,64
119990009597871257,0.95975796,9.99227367,20.903499603271484,46
119990009610832402,0.96107279,9.99322661,19.441099166870117,73
120010009613850105,0.9613673,10.0079978,22.20400047302246,12
120000009563232992,0.95629778,10.00201369,20.149700164794922,71
120180008839375276,0.8839611,10.15398531,19.02359962463379,68
119980008292275374,0.82917925,9.98752554,21.63629913330078,28
120000008283720403,0.8284121,9.99991127,20.86680030822754,46
120080007755249102,0.77550881,10.07382352,21.791200637817383,25
120090007777681784,0.77783045,10.07608138,19.205299377441406,54
120100008616443724,0.86168794,10.08602562,17.345500946044922,84
120090008637856260,0.86381518,10.07979752,21.240999221801758,47
120110009068657589,0.90692525,10.09759015,-999.0,15
119990009724663775,0.97240722,9.99435825,21.32830047607422,25
120030009433233134,0.94331615,10.02716858,20.708499908447266,51
120010009514243201,0.95143199,10.01051705,20.015399932861328,60
120010009583097585,0.95837757,10.01408932,21.751699447631836,12
120020009534603143,0.95351023,10.01888917,20.913700103759766,46
119980009447034185,0.94472283,9.98640277,21.180500030517578,35
119980009464778613,0.9464912,9.99021609,21.07539939880371,43
119980009565664968,0.95665248,9.98696851,19.785600662231445,73
120160008799877470,0.88002415,10.13915862,-999.0,33
120000008091052465,0.80925961,10.0016181,21.698699951171875,33
119990008087796058,0.80875689,9.99630053,14.542400360107422,58
120000008127460339,0.81281106,9.99985062,20.165300369262695,44
119990008120738824,0.81208734,9.99860521,15.715900421142578,64
119990008183871050,0.81845255,9.99210821,18.149700164794922,67
120090008608230464,0.86085114,10.07499505,20.8533992767334,72
120090008534845400,0.85353214,10.07907998,19.577199935913086,80
120090008692501709,0.86939283,10.07596103,21.481199264526367,23
120280009266413788,0.92665531,10.23608125,21.519800186157227,26
120040010682525710,1.06822329,10.03765615,21.027000427246094,45
120030010704638725,1.07056437,10.03181628,21.696399688720703,21
120050010580154771,1.05797721,10.04515634,19.168899536132812,80
120070010391650012,1.03909941,10.05785971,-999.0,12
119990009754793120,0.9754552,9.99376872,21.784299850463867,21
120130010247550005,1.02473255,10.10787696,20.128000259399414,53
120160008958237558,0.89583478,10.1392253,19.210899353027344,64
120200008655663430,0.86572632,10.16904803,21.361499786376953,12
120110008670376968,0.86708726,10.0970471,21.186500549316406,46
120120008542777753,0.85434408,10.1059994,21.604900360107422,11
120120008579246843,0.85796087,10.10528991,19.308799743652344,68
120270009288612733,0.92883698,10.22677369,21.401599884033203,24
120260009314178453,0.9315102,10.22328588,13.550399780273438,67
120260009298118721,0.92985795,10.22351323,-999.0,16
120270009251156286,0.92513007,10.22982357,20.46150016784668,56
120290009234976203,0.92347718,10.24645389,20.86520004272461,40
120110009497192642,0.94971915,10.09341262,19.292800903320312,64
120110009500032473,0.94969888,10.09336568,19.256000518798828,14
120090009622904904,0.96228078,10.07865052,20.471099853515625,66
120160010229415685,1.02285297,10.13764851,21.588199615478516,19
120180010143134544,1.0143005,10.15332685,16.797700881958008,69
120180010197831143,1.01975109,10.15047519,18.567399978637695,68
120120010268977493,1.02691913,10.10577556,16.127199172973633,67
119960009905692576,0.99051953,9.96839001,-999.0,11
119960010019854292,1.00196538,9.96973184,19.438400268554688,71
119940010074074598,1.00731092,9.95352225,21.672300338745117,45
120190008591948721,0.85922998,10.16519903,18.98430061340332,65
120120008394989061,0.83960135,10.10720248,21.96660041809082,18
120110008317609339,0.83179196,10.09902952,-999.0,22
120110008413167003,0.84141171,10.09713759,19.869600296020508,26
120110008416177128,0.84160442,10.0971822,19.876800537109375,30
120130008566066976,0.85661973,10.11377006,21.771699905395508,23
120130008555563535,0.85563139,10.11088273,-999.0,15
120110008600755781,0.86012531,10.09607429,16.642099380493164,79
120090007720479297,0.77211392,10.0823223,20.816600799560547,58
120280009195399134,0.91952703,10.24055254,22.1382999420166,27
120280009120299220,0.9120441,10.24059066,17.867900848388672,60
120250009359109627,0.93591902,10.2159226,18.917699813842773,57
120250009359367406,0.93591855,10.2141185,20.739599227905273,33
120270009345332104,0.93453408,10.22632225,16.850200653076172,66
120160010318811537,1.03185648,10.1341471,17.514699935913086,72
119940010223683442,1.02234904,9.95247234,21.544200897216797,20
119940010104135474,1.01041419,9.95410558,18.419099807739258,69
119940010206822620,1.02067359,9.95166653,21.336299896240234,28
120120008518669473,0.85188739,10.10749909,20.25860023498535,73
120120008500008847,0.85002591,10.10696311,20.92970085144043,34
120150007751815682,0.77520915,10.12934331,15.760100364685059,74
120020010802357932,1.08018662,10.02289754,21.560199737548828,14
120010010806219323,1.08061111,10.0156083,17.78179931640625,17
120010010811258732,1.08117626,10.01513253,14.925999641418457,56
120010010931413570,1.09312439,10.01082551,20.51020050048828,61
120010010944438241,1.09445446,10.01467723,20.02829933166504,27
119990010047033188,1.00467526,9.99387949,20.312999725341797,37
119930009883514731,0.98836023,9.94514148,21.834999084472656,15
119930009939234595,0.99393171,9.94503126,20.362300872802734,64
119940009975951716,0.99753128,9.95101847,-999.0,11
120190008709230387,0.87094713,10.15825412,21.329500198364258,50
120180008731572156,0.8732018,10.15136701,20.793399810791016,48
120160007858086083,0.78586333,10.13800365,19.843599319458008,65
120160007838804556,0.78395346,10.13675905,21.041200637817383,43
120160007781944073,0.77828321,10.13635702,21.281999588012695,45
120160007840651851,0.78412552,10.1344851,20.243799209594727,58
120150007817697241,0.78182873,10.13064437,18.094499588012695,72
120160007766420890,0.7768092,10.13369078,19.984899520874023,55
120110011275023612,1.12745884,10.09422702,21.141300201416016,31
120110011349525578,1.13497863,10.09583726,15.228400230407715,71
119920010792888203,1.07926073,9.93972007,21.56909942626953,28
119980010028407961,1.00277712,9.98946159,20.401500701904297,35
120000009885706482,0.9885696,10.00495712,18.97610092163086,63
119980010270117996,1.02702657,9.98954149,21.045299530029297,42
119980010258989764,1.02584263,9.99107436,20.804800033569336,39
119980010096857186,1.00966131,9.98886137,20.57900047302246,53
119960008296126635,0.82967745,9.97177214,-999.0,25
119960008241797109,0.82422023,9.97217585,19.648000717163086,60
119930008526082709,0.85265943,9.94349287,15.56760025024414,72
119930008492897336,0.84932989,9.94735442,18.243200302124023,62
119950008513424743,0.85147235,9.96175935,21.382699966430664,21
120000010162327863,1.01625353,10.00611598,22.15049934387207,13
120080007901139415,0.79014519,10.07406145,-999.0,15
120250009853671936,0.98536256,10.2095088,19.284099578857422,50
120270009681671900,0.96815422,10.22608567,20.55190086364746,29
120270009733093087,0.97330139,10.22712581,18.874399185180664,67
120260009842174434,0.9842284,10.21989859,19.764699935913086,66
120090010086582353,1.00864312,10.07648379,20.718299865722656,46
119950010319115445,1.03189971,9.96230865,20.881200790405273,43
119950010255715005,1.02555124,9.96203152,-999.0,67
119950010319651706,1.03207927,9.95927868,21.219999313354492,30
119940010317819300,1.03171595,9.95731906,21.303800582885742,27
119950010228691555,1.02287394,9.95920656,20.73270034790039,61
119980010204304020,1.02041675,9.98620354,-999.0,25
119980010187071753,1.01867086,9.98431855,21.334800720214844,47
120150008767484389,0.87683435,10.1281987,21.93829917907715,16
120140008849804236,0.88502342,10.1197651,20.125499725341797,53
120180008536818035,0.85376159,10.15624564,20.76300048828125,33
120010010575193301,1.05753972,10.01062552,15.472000122070312,76
120080007959437767,0.7958985,10.07268661,-999.0,63
120120009954169022,0.99543014,10.10707008,19.171100616455078,77
120120010151967268,1.01523442,10.10558854,15.607199668884277,65
120120010174819416,1.01745065,10.10737276,20.549400329589844,39
120140010353740301,1.03532999,10.11642808,19.89940071105957,72
119930010377429648,1.03772737,9.94924705,17.822399139404297,68
119950010389978416,1.03898359,9.96483529,21.538799285888672,18
119950010478486718,1.04781709,9.96342872,17.843799591064453,51
119940010549836274,1.05497964,9.95467714,21.017799377441406,50
120140008931167199,0.89310667,10.12221717,21.142200469970703,26
120160008761764996,0.87617924,10.13708323,22.142900466918945,13
120140008768605713,0.87683759,10.12109911,20.21660041809082,39
120020010515281319,1.05148018,10.01732951,20.59269905090332,48
120020010450427445,1.04510945,10.0224675,21.63010025024414,18
119990010733351747,1.0733187,9.99265936,18.295000076293945,54
120050010508356001,1.0508481,10.04615574,21.41710090637207,35
120050010503001873,1.05030736,10.04277859,21.574499130249023,25
120120009887368714,0.98874194,10.10680885,21.27050018310547,39
120110010139487728,1.01392165,10.0976535,19.467199325561523,64
119930010463759158,1.04637883,9.94882841,21.116199493408203,50
120220008653688595,0.86539146,10.19003114,21.45039939880371,33
120220008632326138,0.86327454,10.18802891,19.30620002746582,72
120230008603460504,0.86034838,10.1918222,22.066999435424805,11
120030010608995639,1.06089775,10.02922917,19.503700256347656,82
120020010730876460,1.07308356,10.02159951,20.27630043029785,71
120310009333933104,0.93338753,10.26048132,20.498300552368164,47
120300009369389027,0.93705252,10.25714381,21.507999420166016,27
120110009598874513,0.95988294,10.09499772,20.900999069213867,53
120100009642664884,0.96417511,10.08689489,21.60140037536621,18
120050010349478403,1.0349291,10.04821913,21.014699935913086,37
120050010355252122,1.03550985,10.04296208,18.622499465942383,71
120060010359273194,1.03590586,10.05219632,19.792999267578125,63
120040010486837099,1.04861918,10.03881614,21.491199493408203,35
120060010543751891,1.054327,10.05114568,21.05190086364746,49
120060010472362021,1.04721142,10.05122932,19.38330078125,67
120050010551411476,1.05512921,10.04242808,18.561899185180664,78
119970010329326660,1.03291322,9.98009849,18.086000442504883,73
119960010354706462,1.03546482,9.97156201,21.49370002746582,11
119960010454615990,1.04537804,9.97124347,-999.0,11
120210008790801832,0.87915161,10.17604283,19.83839988708496,57
120190008824884879,0.88250106,10.16195265,21.489200592041016,15
120230008535124286,0.8537707,10.19494725,20.897499084472656,13
120180008016428161,0.80165707,10.15647275,21.374900817871094,39
119970010665470776,1.06651865,9.97517724,19.839399337768555,68
119960010688864284,1.06887671,9.96977143,18.807300567626953,69
119980010435569479,1.04351302,9.9907823,20.931299209594727,45
119990010384661632,1.03842213,9.99259035,21.410900115966797,22
120190007773136842,0.77735558,10.16370033,21.75079917907715,24
120190007770028887,0.77703336,10.16535702,20.56410026550293,41
120190007853636417,0.7854533,10.16331571,20.796199798583984,60
120200007797803575,0.77987883,10.16925879,-999.0,11
120200007857098002,0.78578068,10.17299771,-999.0,17
120050007732026499,0.77327618,10.04666127,19.027799606323242,68
120050007709398338,0.77101483,10.04818813,17.75830078125,58
120040007846986670,0.78475255,10.0384494,-999.0,11
120050007788392529,0.77892714,10.04336222,21.389799118041992,22
120080007596040705,0.7596906,10.06685833,-999.0,33
120020011504278469,1.15038731,10.02326149,20.94230079650879,58
120010011311283172,1.13114144,10.01048665,19.520999908447266,77
120200008600210760,0.86003125,10.1669074,21.53019905090332,20
120160008020312849,0.80213873,10.13531602,19.71769905090332,68
120160008004281375,0.80049831,10.13410308,21.37310028076172,41
119970010407787704,1.04069838,9.98094735,20.242300033569336,35
119970010453115138,1.04527118,9.97881928,21.79360008239746,27
120190007871002893,0.7872124,10.16038867,20.763500213623047,35
120190007909829601,0.79104813,10.16595233,21.62649917602539,23
120060007812754071,0.78134133,10.05301,-999.0,14
120050007672353462,0.76722869,10.04414701,21.236900329589844,44
120020011007529812,1.10082402,10.02438735,21.084999084472656,20
120010011015319474,1.10149043,10.01583377,20.919200897216797,37
119980011241504609,1.12410697,9.98670768,19.619400024414062,69
120030011506377394,1.15058161,10.03070684,20.805299758911133,31
120090009164217736,0.91645499,10.08103611,19.534299850463867,68
120090009166058010,0.91648821,10.08104514,18.155799865722656,13
120100010166794623,1.01667735,10.08670892,20.478300094604492,69
119960008368714797,0.83694872,9.97017718,21.07360076904297,46
119950010668768085,1.06688569,9.96459767,18.51059913635254,68
119980010774752577,1.07746764,9.98498982,21.00429916381836,48
119980010616704145,1.06163954,9.98637486,20.79960060119629,50
119960010771078188,1.07708448,9.97302876,22.49959945678711,22
119970010425873989,1.04257373,9.9778649,19.20549964904785,57
120190008041374191,0.80420768,10.1614426,20.19659996032715,69
120030008050865775,0.80513864,10.02938112,18.572500228881836,60
120030007971725225,0.79719026,10.02894795,21.895099639892578,12
120030007999617905,0.80004754,10.03119899,21.241100311279297,35
120030008008016037,0.80085253,10.0296391,21.82159996032715,11
120040007893831745,0.78943944,10.03437566,19.29759979248047,70
120070007639004513,0.76389605,10.06167935,16.22960090637207,52
120020011206081697,1.12059681,10.01760915,22.22909927368164,29
120100010152943543,1.01523453,10.08582117,21.256000518798828,33
120020010182659802,1.01822529,10.02441188,21.200899124145508,48
120010010265979386,1.02658614,10.0157289,21.371999740600586,18
120030010126644332,1.01266751,10.02813232,20.15999984741211,74
120020010107340875,1.01072696,10.01695428,17.532400131225586,56
120020010132490392,1.0132465,10.01655942,21.31049919128418,30
120010010199403764,1.01992613,10.01102198,20.184600830078125,58
119930010721989456,1.07222216,9.94897409,21.894699096679688,19
120100007970770560,0.79712337,10.08340133,20.330299377441406,15
120090007926459387,0.79280699,10.08239426,21.252199172973633,16
120290009680868739,0.96808885,10.24846913,21.944000244140625,14
120270009884815205,0.98844037,10.22885793,21.08989906311035,26
120290009785651097,0.97855261,10.24212499,19.47559928894043,70
120280009830147975,0.98303978,10.23953321,15.017900466918945,69
120010010967679058,1.09676771,10.01541816,21.019800186157227,35
120020010984480291,1.09842354,10.01643607,-999.0,16
120210007935188268,0.79353505,10.18149829,20.316499710083008,43
120140010659492824,1.06592237,10.11854717,18.959699630737305,60
120130010758681857,1.07586487,10.1093908,21.370500564575195,38
120130010675509017,1.06753924,10.11538428,21.487699508666992,25
120130010422175109,1.04219054,10.11210333,-999.0,13
120150008443280740,0.8444673,10.12520911,21.335500717163086,33
120140008444452268,0.84451136,10.11811044,21.614700317382812,17
120320009626020454,0.96262682,10.26664151,21.650800704956055,13
120040009391996099,0.93922541,10.03800555,21.077199935913086,52
120060009429832840,0.94299185,10.0519344,20.596599578857422,52
120260008537572359,0.85386714,10.21826464,20.426700592041016,31
120260008616000460,0.8616549,10.21664373,-999.0,11
120260008553024971,0.85535371,10.2204439,21.632200241088867,28
120050009378137637,0.93771352,10.04746321,20.828899383544922,16
120050009426116591,0.94263125,10.04674542,21.13290023803711,41
120060009386401358,0.93862339,10.05069861,20.958599090576172,43
120060009292090659,0.92929148,10.05007698,21.48819923400879,20
120050009299237878,0.93011237,10.04771841,20.26420021057129,26
120050009302077663,0.93015938,10.04766988,20.487600326538086,29
120050009381130322,0.93812164,10.04152562,21.188899993896484,35
120040009932840333,0.99332775,10.03306134,21.654699325561523,32
120040009996244549,0.99959203,10.03663935,21.372699737548828,18
120040010005976157,1.00056363,10.03800199,21.005599975585938,39
120040010029791315,1.00297026,10.03402607,21.64780044555664,19
120050009893629913,0.98940486,10.0494606,17.161300659179688,74
120050009892151665,0.98924616,10.042669,21.354799270629883,26
120210008079972438,0.80804267,10.17664221,21.428600311279297,32
120060010607089506,1.06074855,10.05744901,14.898599624633789,85
120070010621472637,1.06212363,10.06008992,-999.0,13
120070008648789218,0.86500786,10.06535908,20.441999435424805,58
120070008791496052,0.87922614,10.06292245,19.74169921875,73
120070008776226641,0.87765903,10.0634572,-999.0,16
120070008779289443,0.87795018,10.06579573,21.56410026550293,28
120060008803329349,0.88041184,10.05733323,17.204500198364258,88
120050008552450749,0.85527958,10.04189569,21.385299682617188,38
120250008801517578,0.88019479,10.21424315,20.727699279785156,63
120070009390914755,0.9391111,10.06185199,-999.0,24
120070009338726219,0.93383985,10.06309622,21.402799606323242,16
120070009060649780,0.90608375,10.06610012,-999.0,37
120080009053702390,0.90534208,10.06826878,21.628700256347656,26
120070009158902760,0.91586832,10.06020681,20.49959945678711,65
120080009163557766,0.91632152,10.07269708,20.44099998474121,59
120080009189596482,0.91893922,10.0716141,21.247400283813477,49
120040009406910081,0.94073106,10.03300927,21.566699981689453,36
120040009406157982,0.94058761,10.03952191,20.746999740600586,60
120100009963438807,0.99632585,10.09020825,18.190099716186523,72
120110009951771194,0.99513365,10.09214871,20.77589988708496,36
120230007983526750,0.79843049,10.19693926,21.60260009765625,31
120230008018504616,0.80191987,10.19514932,20.80150032043457,56
120190008054088465,0.80550722,10.16505971,21.208900451660156,26
120200008085420483,0.80859135,10.16668476,20.206100463867188,68
120080010659210250,1.06589847,10.06638621,21.316099166870117,55
120080010407261880,1.04070588,10.06771809,-999.0,11
120080010431859197,1.04317508,10.07375116,19.29199981689453,60
120080010432119717,1.04308885,10.07437918,19.969100952148438,25
120070010474144835,1.0473306,10.06193067,-999.0,14
120060008741067745,0.8741576,10.056073,20.731599807739258,56
120070008746743947,0.87470984,10.06121091,18.146499633789062,78
120080008727203208,0.8727788,10.06889232,19.908300399780273,66
120080008652782632,0.86533065,10.06844579,20.57710075378418,76
120060008693853281,0.86944931,10.05229542,21.035200119018555,21
120060008623567235,0.86235489,10.05568221,-999.0,11
120250008957320210,0.89575044,10.20809688,20.518699645996094,47
120080009381427476,0.93818664,10.07245101,21.45789909362793,29
120080009251705489,0.92527619,10.07082585,13.807299613952637,81
120070009314858944,0.93147713,10.06534449,20.72610092163086,63
120160007971937174,0.79725555,10.13894267,21.345600128173828,17
120170007912734289,0.79131403,10.14486498,20.4060001373291,47
120240008011092427,0.80117832,10.20167092,-999.0,29
120220008071518552,0.80722452,10.19008097,20.517900466918945,40
120220009649361132,0.96493351,10.1838419,20.314599990844727,62
120060010762773689,1.07629952,10.05260067,15.313699722290039,80
120060010686353876,1.06870818,10.05274557,20.446500778198242,75
120050010759385281,1.07595318,10.04552523,21.748699188232422,14
120050010659684945,1.06596679,10.04532981,21.648000717163086,61
120050010646549002,1.06467496,10.04873844,21.52560043334961,15
120050010694461599,1.06944786,10.04254494,-999.0,17
120080008869380616,0.8869642,10.06677411,20.292600631713867,76
120080008858232517,0.88589751,10.06839155,19.410200119018555,71
120060008964654370,0.89647339,10.05328776,21.22480010986328,37
120070008927069780,0.89277356,10.06604644,15.791000366210938,83
120040008890571223,0.88908475,10.0339271,18.291500091552734,71
120050008769069953,0.87703748,10.0494978,20.736799240112305,36
120050008788047282,0.87885319,10.04730473,21.22640037536621,34
120040008844086757,0.88443716,10.03856113,21.620500564575195,14
120000011309723543,1.13092397,10.00246032,21.07509994506836,31
120000011437628873,1.14375303,10.00694781,18.52669906616211,62
120110010107705601,1.01064708,10.09596218,20.756500244140625,32
120110010024952566,1.00255249,10.09345579,-999.0,19
120180007880391166,0.78809969,10.15060782,21.1658992767334,34
120180007923105457,0.79242734,10.15410664,21.312400817871094,15
120190009530727901,0.95309215,10.1644978,22.029300689697266,44
120200009511325285,0.95113895,10.1706399,20.137800216674805,49
120210009465177617,0.94660212,10.18093572,20.895999908447266,48
120210009485809813,0.94860962,10.18278691,21.631200790405273,18
120050008914659663,0.89139907,10.04945541,21.774799346923828,29
120060008929260570,0.89294382,10.05008124,20.8794002532959,60
120050008840692618,0.88402274,10.04345993,21.892099380493164,12
120060008830770517,0.88312665,10.0500913,21.524999618530273,23
120080008953275542,0.89536799,10.07090073,22.245100021362305,18
120070008979946876,0.89800757,10.06365471,19.271400451660156,81
120040007605253799,0.76058912,10.03606744,-999.0,13
120050007577873457,0.75782014,10.04415014,21.368099212646484,32
120060007593402811,0.75939559,10.05192173,19.116100311279297,62
120020011293891134,1.12939277,10.01713903,20.843799591064453,46
119980011269016288,1.12688791,9.98811731,17.361799240112305,74
119990011251815651,1.12516296,9.99589112,21.144399642944336,54
119980011387596822,1.13875311,9.9885496,18.47909927368164,75
119980011380958343,1.1380975,9.98980268,20.17530059814453,40
119980011387669858,1.1387142,9.99112968,21.306800842285156,31
120000011267247549,1.12656372,10.00590666,21.150999069213867,20
120240010503760555,1.05036408,10.20002225,21.24650001525879,50
120230010488516156,1.04879855,10.19633027,16.81760025024414,64
120220010577495197,1.05769442,10.18722597,20.138900756835938,49
120220010628427359,1.0628129,10.18895291,-999.0,13
120220010759685221,1.07594958,10.18719679,18.403400421142578,63
120230010654367280,1.0653929,10.19729733,21.57859992980957,34
120150008568522061,0.85685999,10.12634956,-999.0,11
120120010707970266,1.07093401,10.0996855,19.630300521850586,62
120130010595273734,1.05952059,10.11098158,18.97209930419922,75
120040008934573828,0.89348235,10.03609507,21.306800842285156,28
120160008115254198,0.81140028,10.1364646,19.221500396728516,66
120160008128204119,0.81291457,10.13637966,20.56559944152832,56
120150008185389826,0.81867939,10.13272334,21.103500366210938,27
120160008150925908,0.81517158,10.13785981,18.77090072631836,71
120150008226791165,0.82276332,10.12557351,20.690000534057617,34
120020011240455190,1.12404989,10.02053071,21.624000549316406,31
120100010173741563,1.01738059,10.08418819,20.68790054321289,44
120090010169267131,1.01680639,10.08052167,21.476600646972656,21
120120010491812148,1.04914975,10.10133461,20.810300827026367,48
120240010491525954,1.049173,10.20450205,18.552499771118164,56
120140008541877558,0.85426715,10.12257395,21.408599853515625,15
120100010740134448,1.07403338,10.08661736,21.219499588012695,28
120120010598651797,1.05981639,10.101158,21.337900161743164,53
120110010676409030,1.06759016,10.09874132,21.51059913635254,32
120170008269690431,0.82702629,10.14164077,20.509599685668945,52
120160008245767555,0.82466506,10.13922416,21.106599807739258,37
120170008251472376,0.82520688,10.14328974,20.976200103759766,31
120170008175570333,0.81759974,10.14156883,20.221900939941406,63
120100007787029436,0.77879726,10.09083369,21.57900047302246,34
120260008978711302,0.89790353,10.21735826,-999.0,17
120260008970007337,0.89701551,10.22235221,20.24340057373047,71
120240008347816937,0.83483063,10.20542657,18.971200942993164,70
120250008356689269,0.83572761,10.21568357,21.75510025024414,45
120120009199733237,0.91999337,10.10234805,21.706600189208984,13
120130009192121392,0.91921567,10.10906807,19.488500595092773,70
120130009100937978,0.9101492,10.11453084,20.673099517822266,44
119960010054347995,1.00544802,9.97287065,-999.0,16
120180008590025142,0.85901692,10.15389592,20.578699111938477,61
120170008546071167,0.85471824,10.14224245,18.83799934387207,75
120170008558817362,0.85601586,10.14744304,22.394399642944336,21
120160008704848323,0.87062668,10.1397554,20.934099197387695,47
120170008702173984,0.87027297,10.14456718,21.504600524902344,26
120100010775652623,1.0775925,10.08503017,21.31329917907715,57
120100010709180716,1.07089727,10.0834537,20.309900283813477,70
120100010765455808,1.07655989,10.08770156,15.025899887084961,73
120140008352076654,0.8352926,10.12191544,21.7268009185791,11
120180008097742969,0.80983754,10.15205969,20.581199645996094,27
120180008144871243,0.8145553,10.15061169,21.04520034790039,31
120180008134001102,0.8134718,10.15051955,21.29599952697754,33
120180008125752148,0.81264157,10.15135684,21.86669921875,39
120310009564538724,0.95645236,10.26518948,19.823299407958984,52
120250008922318280,0.89226094,10.21483796,21.521099090576172,57
120270008608782096,0.86100247,10.22632568,-999.0,12
120260008633749862,0.8634526,10.22448674,17.54640007019043,74
120260008617399429,0.86177631,10.22411323,21.23699951171875,21
120260008610569489,0.86108267,10.22418116,20.189800262451172,65
120260008732373822,0.87328392,10.21944639,-999.0,13
120270008656141655,0.86558032,10.22592865,21.477100372314453,50
120240008257798682,0.8258547,10.20683454,21.399700164794922,16
120250008177970216,0.81782364,10.20810792,-999.0,12
120060009403403739,0.9402898,10.05264771,21.72170066833496,14
120070009300528105,0.93000915,10.0645474,-999.0,18
120070009253837606,0.92534017,10.06428431,21.516199111938477,24
120070009243575792,0.92434887,10.06271397,21.590599060058594,29
120070009288650565,0.92888175,10.05837477,21.154800415039062,51
120130009055309730,0.90561361,10.11608035,21.934499740600586,27
120050010117343185,1.01173613,10.04393712,-999.0,40
120090010389734931,1.03900168,10.07863656,15.352999687194824,78
120090010506973985,1.05068577,10.07784691,17.003999710083008,79
120210010575836273,1.05766388,10.17978915,21.11910057067871,13
120200010615686837,1.06158037,10.17191487,19.786699295043945,59
120170010609553738,1.06105221,10.14429056,21.878799438476562,24
120170010741301785,1.07403794,10.14268494,21.709699630737305,14
120170010715877389,1.07155468,10.14738972,21.0049991607666,31
120170010664894592,1.06646485,10.14502566,18.793800354003906,67
120160008113730359,0.81149243,10.13320921,20.910400390625,47
120190010398046287,1.03980711,10.16308699,20.962200164794922,58
120190010379337210,1.03794183,10.16386728,21.754499435424805,22
120190010640762671,1.06404861,10.16008191,18.106800079345703,62
120180010686564169,1.0686913,10.15291699,20.19580078125,11
120180010686275592,1.068662,10.15416726,20.8125,14
120180010688375911,1.06867791,10.15437317,20.326200485229492,15
120180010433129504,1.0432597,10.15752506,21.51449966430664,17
120190010515292615,1.05154445,10.15997636,-999.0,27
120210008194118392,0.81948613,10.18159235,21.273399353027344,58
120210008153658422,0.81541969,10.18164542,21.024799346923828,61
120140008156013775,0.81577207,10.11935903,21.543699264526367,13
120140008205959592,0.82067084,10.12429474,20.812700271606445,31
120220010234692932,1.02346963,10.18537506,20.934099197387695,41
120240010117440963,1.01173276,10.20037583,21.36840057373047,34
120220010192043155,1.01913988,10.18555287,20.023300170898438,50
120230010141844978,1.01414464,10.19535262,21.31599998474121,26
120220010171968548,1.01716801,10.18997995,20.677600860595703,53
120220010188316543,1.01882058,10.18828489,21.22130012512207,44
120220010183499569,1.01834871,10.19070491,21.805099487304688,23
120150010767418772,1.07671515,10.13173475,21.534400939941406,30
120160010730707389,1.07307869,10.13890952,21.993999481201172,15
120160010646476898,1.06461229,10.13860055,20.6560001373291,55
120160010650154740,1.06496908,10.13679259,20.48390007019043,47
120200008371209105,0.83714859,10.17384957,16.922300338745117,73
120190008283269999,0.82845031,10.16628041,19.11199951171875,73
120210010238680606,1.02384635,10.1750223,21.14349937438965,38
120210010300182299,1.02997625,10.17645418,21.163000106811523,35
120240010231287889,1.02312547,10.20604736,21.136600494384766,30
120240010306243140,1.03062725,10.20219398,19.59149932861328,55
120240010213192974,1.02133052,10.20201897,16.371299743652344,66
120240010169706111,1.01697108,10.20462883,21.130800247192383,40
120220010317859884,1.03177795,10.19113782,21.599700927734375,41
120230010251475520,1.02513978,10.19580854,19.94890022277832,61
120240010239945866,1.02393901,10.20443944,22.105100631713867,15
120230010247849505,1.02479028,10.19916951,21.633399963378906,43
120220010304055442,1.03038678,10.18737554,21.787500381469727,16
120220008151987193,0.81526983,10.18896128,-999.0,25
120200008111932871,0.81127881,10.1686806,20.997299194335938,42
120200008094022501,0.80945541,10.16835562,21.227100372314453,24
120190008202394306,0.82031284,10.16155891,21.93269920349121,31
120200008199124954,0.81996277,10.17040692,21.223600387573242,13
120220010076049798,1.00759043,10.19103854,20.491100311279297,59
120240010067943140,1.0067797,10.20215301,20.461200714111328,50
120230010057337285,1.00570249,10.19722479,21.168500900268555,29
120230010034785100,1.00346509,10.19542095,21.557300567626953,31
120220010276360563,1.0276325,10.18335159,19.695499420166016,76
120210010310505533,1.03108133,10.17910237,20.717199325561523,38
120220010206070917,1.02074029,10.18357051,20.882099151611328,41
120210010200536536,1.02001645,10.18000506,20.60540008544922,58
120210010182178118,1.01814254,10.18129362,21.631099700927734,18
120230008168280361,0.8168072,10.19158382,13.937700271606445,73
120060010066352868,1.00669357,10.05189172,21.68160057067871,25
120060009906781353,0.99066519,10.05066408,17.88960075378418,71
120040010083131767,1.00832785,10.03431541,21.044599533081055,38
120160008667772097,0.866839,10.1347038,19.195199966430664,70
120240009094350804,0.90947045,10.20025306,19.08609962463379,64
120230009125632398,0.91253655,10.19328111,20.797700881958008,39
120040010171925434,1.01719475,10.03741029,18.21739959716797,76
120070009886832479,0.98859572,10.06000592,21.577999114990234,27
120060009924729911,0.99248704,10.05779933,21.185800552368164,35
120060009916397307,0.99170478,10.05559081,21.644100189208984,31
120060010002357009,1.0002267,10.05539849,21.2185001373291,15
120070009939192838,0.99391336,10.06021346,21.32430076599121,26
120220010417077697,1.0416688,10.18930431,20.510299682617188,39
120220010405357858,1.04050342,10.18940736,19.19070053100586,63
120230010341905090,1.03413889,10.1954195,21.17639923095703,25
120200010487847752,1.04859101,10.17268659,20.812000274658203,31
120200010509804647,1.05097514,10.17006396,16.13159942626953,65
